cam,date,missing
CVTP,2018-01-01,1.0
CVWF,2018-01-01,0.0
MTSR,2018-01-01,0.0
N,2018-01-01,7.0
P,2018-01-01,0.0
R,2018-01-01,1.0
RIMM,2018-01-01,1.0
T,2018-01-01,0.0
TOPI,2018-01-01,0.0
TOTM,2018-01-01,1.0
WHWI,2018-01-01,0.0
WINR,2018-01-01,0.0
WIWR,2018-01-01,1.0
CVTP,2018-01-02,1.0
CVWF,2018-01-02,0.0
MTSR,2018-01-02,0.0
N,2018-01-02,7.0
P,2018-01-02,0.0
R,2018-01-02,0.0
RIMM,2018-01-02,8.0
T,2018-01-02,0.0
TOPI,2018-01-02,0.0
TOTM,2018-01-02,0.0
WHWI,2018-01-02,1.0
WINR,2018-01-02,0.0
WIWR,2018-01-02,0.0
CVTP,2018-01-03,0.0
CVWF,2018-01-03,5.0
MTSR,2018-01-03,1.0
N,2018-01-03,1.0
P,2018-01-03,0.0
R,2018-01-03,1.0
RIMM,2018-01-03,0.0
T,2018-01-03,1.0
TOPI,2018-01-03,0.0
TOTM,2018-01-03,1.0
WHWI,2018-01-03,1.0
WINR,2018-01-03,2.0
WIWR,2018-01-03,1.0
CVTP,2018-01-04,1.0
CVWF,2018-01-04,2.0
MTSR,2018-01-04,0.0
N,2018-01-04,3.0
P,2018-01-04,0.0
R,2018-01-04,0.0
RIMM,2018-01-04,2.0
T,2018-01-04,0.0
TOPI,2018-01-04,0.0
TOTM,2018-01-04,0.0
WHWI,2018-01-04,1.0
WINR,2018-01-04,1.0
WIWR,2018-01-04,0.0
CVTP,2018-01-05,0.0
CVWF,2018-01-05,0.0
MTSR,2018-01-05,0.0
N,2018-01-05,6.0
P,2018-01-05,0.0
R,2018-01-05,0.0
RIMM,2018-01-05,19.0
T,2018-01-05,0.0
TOPI,2018-01-05,0.0
TOTM,2018-01-05,0.0
WHWI,2018-01-05,0.0
WINR,2018-01-05,0.0
WIWR,2018-01-05,1.0
CVTP,2018-01-06,0.0
CVWF,2018-01-06,0.0
MTSR,2018-01-06,0.0
N,2018-01-06,8.0
P,2018-01-06,0.0
R,2018-01-06,1.0
RIMM,2018-01-06,0.0
T,2018-01-06,0.0
TOPI,2018-01-06,0.0
TOTM,2018-01-06,0.0
WHWI,2018-01-06,0.0
WINR,2018-01-06,0.0
WIWR,2018-01-06,1.0
CVTP,2018-01-07,0.0
CVWF,2018-01-07,2.0
MTSR,2018-01-07,0.0
N,2018-01-07,1.0
P,2018-01-07,0.0
R,2018-01-07,0.0
RIMM,2018-01-07,0.0
T,2018-01-07,0.0
TOPI,2018-01-07,0.0
TOTM,2018-01-07,0.0
WHWI,2018-01-07,0.0
WINR,2018-01-07,2.0
WIWR,2018-01-07,0.0
CVTP,2018-01-08,0.0
CVWF,2018-01-08,0.0
MTSR,2018-01-08,0.0
N,2018-01-08,36.0
P,2018-01-08,0.0
R,2018-01-08,29.0
RIMM,2018-01-08,6.0
T,2018-01-08,0.0
TOPI,2018-01-08,0.0
TOTM,2018-01-08,0.0
WHWI,2018-01-08,0.0
WINR,2018-01-08,0.0
WIWR,2018-01-08,0.0
CVTP,2018-01-09,1.0
CVWF,2018-01-09,51.0
MTSR,2018-01-09,1.0
N,2018-01-09,1.0
P,2018-01-09,0.0
R,2018-01-09,0.0
RIMM,2018-01-09,1.0
T,2018-01-09,1.0
TOPI,2018-01-09,1.0
TOTM,2018-01-09,0.0
WHWI,2018-01-09,1.0
WINR,2018-01-09,3.0
WIWR,2018-01-09,0.0
CVTP,2018-01-10,1.0
CVWF,2018-01-10,32.0
MTSR,2018-01-10,0.0
N,2018-01-10,11.0
P,2018-01-10,0.0
R,2018-01-10,0.0
RIMM,2018-01-10,0.0
T,2018-01-10,0.0
TOPI,2018-01-10,0.0
TOTM,2018-01-10,1.0
WHWI,2018-01-10,0.0
WINR,2018-01-10,0.0
WIWR,2018-01-10,0.0
CVTP,2018-01-11,1.0
CVWF,2018-01-11,0.0
MTSR,2018-01-11,0.0
N,2018-01-11,7.0
P,2018-01-11,0.0
R,2018-01-11,0.0
RIMM,2018-01-11,1.0
T,2018-01-11,0.0
TOPI,2018-01-11,1.0
TOTM,2018-01-11,1.0
WHWI,2018-01-11,0.0
WINR,2018-01-11,0.0
WIWR,2018-01-11,0.0
CVTP,2018-01-12,0.0
CVWF,2018-01-12,1.0
MTSR,2018-01-12,1.0
N,2018-01-12,11.0
P,2018-01-12,0.0
R,2018-01-12,0.0
RIMM,2018-01-12,0.0
T,2018-01-12,0.0
TOPI,2018-01-12,0.0
TOTM,2018-01-12,1.0
WHWI,2018-01-12,0.0
WINR,2018-01-12,1.0
WIWR,2018-01-12,0.0
CVTP,2018-01-13,0.0
CVWF,2018-01-13,1.0
MTSR,2018-01-13,0.0
N,2018-01-13,6.0
P,2018-01-13,0.0
R,2018-01-13,0.0
RIMM,2018-01-13,17.0
T,2018-01-13,0.0
TOPI,2018-01-13,0.0
TOTM,2018-01-13,0.0
WHWI,2018-01-13,0.0
WINR,2018-01-13,0.0
WIWR,2018-01-13,1.0
CVTP,2018-01-14,1.0
CVWF,2018-01-14,3.0
MTSR,2018-01-14,0.0
N,2018-01-14,6.0
P,2018-01-14,0.0
R,2018-01-14,1.0
RIMM,2018-01-14,2.0
T,2018-01-14,0.0
TOPI,2018-01-14,0.0
TOTM,2018-01-14,0.0
WHWI,2018-01-14,0.0
WINR,2018-01-14,2.0
WIWR,2018-01-14,0.0
CVTP,2018-01-15,1.0
CVWF,2018-01-15,0.0
MTSR,2018-01-15,0.0
N,2018-01-15,15.0
P,2018-01-15,0.0
R,2018-01-15,0.0
RIMM,2018-01-15,0.0
T,2018-01-15,0.0
TOPI,2018-01-15,0.0
TOTM,2018-01-15,0.0
WHWI,2018-01-15,0.0
WINR,2018-01-15,0.0
WIWR,2018-01-15,1.0
CVTP,2018-01-16,0.0
CVWF,2018-01-16,2.0
MTSR,2018-01-16,1.0
N,2018-01-16,7.0
P,2018-01-16,0.0
R,2018-01-16,0.0
RIMM,2018-01-16,0.0
T,2018-01-16,0.0
TOPI,2018-01-16,0.0
TOTM,2018-01-16,1.0
WHWI,2018-01-16,0.0
WINR,2018-01-16,1.0
WIWR,2018-01-16,0.0
CVTP,2018-01-17,0.0
CVWF,2018-01-17,5.0
MTSR,2018-01-17,0.0
N,2018-01-17,8.0
P,2018-01-17,0.0
R,2018-01-17,0.0
RIMM,2018-01-17,0.0
T,2018-01-17,0.0
TOPI,2018-01-17,0.0
TOTM,2018-01-17,0.0
WHWI,2018-01-17,1.0
WINR,2018-01-17,2.0
WIWR,2018-01-17,0.0
CVTP,2018-01-18,0.0
CVWF,2018-01-18,1.0
MTSR,2018-01-18,1.0
N,2018-01-18,9.0
P,2018-01-18,0.0
R,2018-01-18,0.0
RIMM,2018-01-18,32.0
T,2018-01-18,0.0
TOPI,2018-01-18,0.0
TOTM,2018-01-18,0.0
WHWI,2018-01-18,1.0
WINR,2018-01-18,0.0
WIWR,2018-01-18,0.0
CVTP,2018-01-19,1.0
CVWF,2018-01-19,6.0
MTSR,2018-01-19,0.0
N,2018-01-19,1.0
P,2018-01-19,0.0
R,2018-01-19,0.0
RIMM,2018-01-19,0.0
T,2018-01-19,0.0
TOPI,2018-01-19,0.0
TOTM,2018-01-19,0.0
WHWI,2018-01-19,1.0
WINR,2018-01-19,1.0
WIWR,2018-01-19,0.0
CVTP,2018-01-20,1.0
CVWF,2018-01-20,11.0
MTSR,2018-01-20,0.0
N,2018-01-20,2.0
P,2018-01-20,0.0
R,2018-01-20,0.0
RIMM,2018-01-20,0.0
T,2018-01-20,1.0
TOPI,2018-01-20,0.0
TOTM,2018-01-20,1.0
WHWI,2018-01-20,0.0
WINR,2018-01-20,0.0
WIWR,2018-01-20,0.0
CVTP,2018-01-21,0.0
CVWF,2018-01-21,19.0
MTSR,2018-01-21,0.0
N,2018-01-21,4.0
P,2018-01-21,0.0
R,2018-01-21,0.0
RIMM,2018-01-21,0.0
T,2018-01-21,0.0
TOPI,2018-01-21,0.0
TOTM,2018-01-21,1.0
WHWI,2018-01-21,1.0
WINR,2018-01-21,1.0
WIWR,2018-01-21,0.0
CVTP,2018-01-22,0.0
CVWF,2018-01-22,8.0
MTSR,2018-01-22,0.0
N,2018-01-22,11.0
P,2018-01-22,0.0
R,2018-01-22,0.0
RIMM,2018-01-22,2.0
T,2018-01-22,0.0
TOPI,2018-01-22,0.0
TOTM,2018-01-22,1.0
WHWI,2018-01-22,0.0
WINR,2018-01-22,2.0
WIWR,2018-01-22,0.0
CVTP,2018-01-23,0.0
CVWF,2018-01-23,23.0
MTSR,2018-01-23,0.0
N,2018-01-23,15.0
P,2018-01-23,0.0
R,2018-01-23,0.0
RIMM,2018-01-23,0.0
T,2018-01-23,0.0
TOPI,2018-01-23,0.0
TOTM,2018-01-23,0.0
WHWI,2018-01-23,0.0
WINR,2018-01-23,2.0
WIWR,2018-01-23,1.0
CVTP,2018-01-24,0.0
CVWF,2018-01-24,23.0
MTSR,2018-01-24,1.0
N,2018-01-24,1.0
P,2018-01-24,1.0
R,2018-01-24,0.0
RIMM,2018-01-24,40.0
T,2018-01-24,0.0
TOPI,2018-01-24,0.0
TOTM,2018-01-24,1.0
WHWI,2018-01-24,0.0
WINR,2018-01-24,1.0
WIWR,2018-01-24,0.0
CVTP,2018-01-25,0.0
CVWF,2018-01-25,20.0
MTSR,2018-01-25,1.0
N,2018-01-25,3.0
P,2018-01-25,0.0
R,2018-01-25,0.0
RIMM,2018-01-25,69.0
T,2018-01-25,0.0
TOPI,2018-01-25,0.0
TOTM,2018-01-25,1.0
WHWI,2018-01-25,0.0
WINR,2018-01-25,1.0
WIWR,2018-01-25,0.0
CVTP,2018-01-26,1.0
CVWF,2018-01-26,4.0
MTSR,2018-01-26,0.0
N,2018-01-26,14.0
P,2018-01-26,0.0
R,2018-01-26,0.0
RIMM,2018-01-26,14.0
T,2018-01-26,0.0
TOPI,2018-01-26,0.0
TOTM,2018-01-26,1.0
WHWI,2018-01-26,0.0
WINR,2018-01-26,0.0
WIWR,2018-01-26,0.0
CVTP,2018-01-27,1.0
CVWF,2018-01-27,0.0
MTSR,2018-01-27,0.0
N,2018-01-27,5.0
P,2018-01-27,0.0
R,2018-01-27,0.0
RIMM,2018-01-27,81.0
T,2018-01-27,0.0
TOPI,2018-01-27,0.0
TOTM,2018-01-27,0.0
WHWI,2018-01-27,0.0
WINR,2018-01-27,0.0
WIWR,2018-01-27,0.0
CVTP,2018-01-28,0.0
CVWF,2018-01-28,2.0
MTSR,2018-01-28,0.0
N,2018-01-28,8.0
P,2018-01-28,0.0
R,2018-01-28,0.0
RIMM,2018-01-28,99.0
T,2018-01-28,0.0
TOPI,2018-01-28,0.0
TOTM,2018-01-28,1.0
WHWI,2018-01-28,0.0
WINR,2018-01-28,2.0
WIWR,2018-01-28,2.0
CVTP,2018-01-29,1.0
CVWF,2018-01-29,2.0
MTSR,2018-01-29,0.0
N,2018-01-29,4.0
P,2018-01-29,0.0
R,2018-01-29,0.0
RIMM,2018-01-29,60.0
T,2018-01-29,0.0
TOPI,2018-01-29,0.0
TOTM,2018-01-29,0.0
WHWI,2018-01-29,0.0
WINR,2018-01-29,2.0
WIWR,2018-01-29,0.0
CVTP,2018-01-30,1.0
CVWF,2018-01-30,1.0
MTSR,2018-01-30,1.0
N,2018-01-30,1.0
P,2018-01-30,0.0
R,2018-01-30,0.0
RIMM,2018-01-30,1.0
T,2018-01-30,1.0
TOPI,2018-01-30,0.0
TOTM,2018-01-30,0.0
WHWI,2018-01-30,0.0
WINR,2018-01-30,1.0
WIWR,2018-01-30,0.0
CVTP,2018-01-31,0.0
CVWF,2018-01-31,1.0
MTSR,2018-01-31,0.0
N,2018-01-31,1.0
P,2018-01-31,0.0
R,2018-01-31,0.0
RIMM,2018-01-31,1.0
T,2018-01-31,0.0
TOPI,2018-01-31,0.0
TOTM,2018-01-31,0.0
WHWI,2018-01-31,0.0
WINR,2018-01-31,1.0
WIWR,2018-01-31,0.0
CVTP,2018-02-01,0.0
CVWF,2018-02-01,0.0
MTSR,2018-02-01,0.0
N,2018-02-01,2.0
P,2018-02-01,1.0
R,2018-02-01,0.0
RIMM,2018-02-01,1.0
T,2018-02-01,0.0
TOPI,2018-02-01,0.0
TOTM,2018-02-01,0.0
WHWI,2018-02-01,0.0
WINR,2018-02-01,0.0
WIWR,2018-02-01,0.0
CVTP,2018-02-02,0.0
CVWF,2018-02-02,0.0
MTSR,2018-02-02,0.0
N,2018-02-02,5.0
P,2018-02-02,0.0
R,2018-02-02,0.0
RIMM,2018-02-02,0.0
T,2018-02-02,1.0
TOPI,2018-02-02,0.0
TOTM,2018-02-02,0.0
WHWI,2018-02-02,1.0
WINR,2018-02-02,1.0
WIWR,2018-02-02,0.0
CVTP,2018-02-03,0.0
CVWF,2018-02-03,0.0
MTSR,2018-02-03,0.0
N,2018-02-03,3.0
P,2018-02-03,0.0
R,2018-02-03,1.0
RIMM,2018-02-03,45.0
T,2018-02-03,0.0
TOPI,2018-02-03,0.0
TOTM,2018-02-03,0.0
WHWI,2018-02-03,0.0
WINR,2018-02-03,1.0
WIWR,2018-02-03,0.0
CVTP,2018-02-04,0.0
CVWF,2018-02-04,1.0
MTSR,2018-02-04,1.0
N,2018-02-04,4.0
P,2018-02-04,0.0
R,2018-02-04,0.0
RIMM,2018-02-04,95.0
T,2018-02-04,0.0
TOPI,2018-02-04,0.0
TOTM,2018-02-04,0.0
WHWI,2018-02-04,0.0
WINR,2018-02-04,1.0
WIWR,2018-02-04,0.0
CVTP,2018-02-05,1.0
CVWF,2018-02-05,0.0
MTSR,2018-02-05,0.0
N,2018-02-05,2.0
P,2018-02-05,0.0
R,2018-02-05,0.0
RIMM,2018-02-05,30.0
T,2018-02-05,0.0
TOPI,2018-02-05,0.0
TOTM,2018-02-05,1.0
WHWI,2018-02-05,0.0
WINR,2018-02-05,2.0
WIWR,2018-02-05,1.0
CVTP,2018-02-06,1.0
CVWF,2018-02-06,1.0
MTSR,2018-02-06,0.0
N,2018-02-06,0.0
P,2018-02-06,0.0
R,2018-02-06,0.0
RIMM,2018-02-06,0.0
T,2018-02-06,0.0
TOPI,2018-02-06,0.0
TOTM,2018-02-06,0.0
WHWI,2018-02-06,0.0
WINR,2018-02-06,3.0
WIWR,2018-02-06,0.0
CVTP,2018-02-07,0.0
CVWF,2018-02-07,0.0
MTSR,2018-02-07,1.0
N,2018-02-07,3.0
P,2018-02-07,0.0
R,2018-02-07,0.0
RIMM,2018-02-07,17.0
T,2018-02-07,0.0
TOPI,2018-02-07,0.0
TOTM,2018-02-07,0.0
WHWI,2018-02-07,0.0
WINR,2018-02-07,0.0
WIWR,2018-02-07,0.0
CVTP,2018-02-08,0.0
CVWF,2018-02-08,0.0
MTSR,2018-02-08,1.0
N,2018-02-08,9.0
P,2018-02-08,0.0
R,2018-02-08,0.0
RIMM,2018-02-08,10.0
T,2018-02-08,0.0
TOPI,2018-02-08,0.0
TOTM,2018-02-08,1.0
WHWI,2018-02-08,0.0
WINR,2018-02-08,0.0
WIWR,2018-02-08,0.0
CVTP,2018-02-09,0.0
CVWF,2018-02-09,1.0
MTSR,2018-02-09,0.0
N,2018-02-09,2.0
P,2018-02-09,0.0
R,2018-02-09,0.0
RIMM,2018-02-09,27.0
T,2018-02-09,0.0
TOPI,2018-02-09,0.0
TOTM,2018-02-09,0.0
WHWI,2018-02-09,0.0
WINR,2018-02-09,1.0
WIWR,2018-02-09,0.0
CVTP,2018-02-10,0.0
CVWF,2018-02-10,0.0
MTSR,2018-02-10,0.0
N,2018-02-10,2.0
P,2018-02-10,0.0
R,2018-02-10,0.0
RIMM,2018-02-10,60.0
T,2018-02-10,0.0
TOPI,2018-02-10,0.0
TOTM,2018-02-10,0.0
WHWI,2018-02-10,0.0
WINR,2018-02-10,0.0
WIWR,2018-02-10,0.0
CVTP,2018-02-11,1.0
CVWF,2018-02-11,2.0
MTSR,2018-02-11,0.0
N,2018-02-11,1.0
P,2018-02-11,0.0
R,2018-02-11,0.0
RIMM,2018-02-11,68.0
T,2018-02-11,0.0
TOPI,2018-02-11,0.0
TOTM,2018-02-11,0.0
WHWI,2018-02-11,2.0
WINR,2018-02-11,2.0
WIWR,2018-02-11,6.0
CVTP,2018-02-12,0.0
CVWF,2018-02-12,1.0
MTSR,2018-02-12,0.0
N,2018-02-12,9.0
P,2018-02-12,0.0
R,2018-02-12,0.0
RIMM,2018-02-12,50.0
T,2018-02-12,0.0
TOPI,2018-02-12,0.0
TOTM,2018-02-12,0.0
WHWI,2018-02-12,0.0
WINR,2018-02-12,2.0
WIWR,2018-02-12,0.0
CVTP,2018-02-13,1.0
CVWF,2018-02-13,0.0
MTSR,2018-02-13,0.0
N,2018-02-13,0.0
P,2018-02-13,0.0
R,2018-02-13,0.0
RIMM,2018-02-13,1.0
T,2018-02-13,0.0
TOPI,2018-02-13,0.0
TOTM,2018-02-13,0.0
WHWI,2018-02-13,0.0
WINR,2018-02-13,4.0
WIWR,2018-02-13,0.0
CVTP,2018-02-14,10.0
CVWF,2018-02-14,5.0
MTSR,2018-02-14,10.0
N,2018-02-14,10.0
P,2018-02-14,10.0
R,2018-02-14,2.0
RIMM,2018-02-14,58.0
T,2018-02-14,1.0
TOPI,2018-02-14,13.0
TOTM,2018-02-14,2.0
WHWI,2018-02-14,1.0
WINR,2018-02-14,4.0
WIWR,2018-02-14,0.0
CVTP,2018-02-15,33.0
CVWF,2018-02-15,10.0
MTSR,2018-02-15,30.0
N,2018-02-15,6.0
P,2018-02-15,34.0
R,2018-02-15,11.0
RIMM,2018-02-15,3.0
T,2018-02-15,17.0
TOPI,2018-02-15,30.0
TOTM,2018-02-15,9.0
WHWI,2018-02-15,1.0
WINR,2018-02-15,18.0
WIWR,2018-02-15,8.0
CVTP,2018-02-16,0.0
CVWF,2018-02-16,1.0
MTSR,2018-02-16,0.0
N,2018-02-16,11.0
P,2018-02-16,0.0
R,2018-02-16,0.0
RIMM,2018-02-16,11.0
T,2018-02-16,0.0
TOPI,2018-02-16,0.0
TOTM,2018-02-16,0.0
WHWI,2018-02-16,0.0
WINR,2018-02-16,1.0
WIWR,2018-02-16,0.0
CVTP,2018-02-17,0.0
CVWF,2018-02-17,0.0
MTSR,2018-02-17,0.0
N,2018-02-17,3.0
P,2018-02-17,0.0
R,2018-02-17,0.0
RIMM,2018-02-17,0.0
T,2018-02-17,0.0
TOPI,2018-02-17,0.0
TOTM,2018-02-17,0.0
WHWI,2018-02-17,0.0
WINR,2018-02-17,3.0
WIWR,2018-02-17,1.0
CVTP,2018-02-18,1.0
CVWF,2018-02-18,0.0
MTSR,2018-02-18,0.0
N,2018-02-18,9.0
P,2018-02-18,0.0
R,2018-02-18,0.0
RIMM,2018-02-18,16.0
T,2018-02-18,0.0
TOPI,2018-02-18,0.0
TOTM,2018-02-18,1.0
WHWI,2018-02-18,0.0
WINR,2018-02-18,1.0
WIWR,2018-02-18,0.0
CVTP,2018-02-19,1.0
CVWF,2018-02-19,0.0
MTSR,2018-02-19,0.0
N,2018-02-19,6.0
P,2018-02-19,0.0
R,2018-02-19,0.0
RIMM,2018-02-19,0.0
T,2018-02-19,0.0
TOPI,2018-02-19,0.0
TOTM,2018-02-19,0.0
WHWI,2018-02-19,0.0
WINR,2018-02-19,1.0
WIWR,2018-02-19,1.0
CVTP,2018-02-20,0.0
CVWF,2018-02-20,0.0
MTSR,2018-02-20,0.0
N,2018-02-20,0.0
P,2018-02-20,0.0
R,2018-02-20,0.0
RIMM,2018-02-20,1.0
T,2018-02-20,0.0
TOPI,2018-02-20,0.0
TOTM,2018-02-20,1.0
WHWI,2018-02-20,0.0
WINR,2018-02-20,0.0
WIWR,2018-02-20,0.0
CVTP,2018-02-21,0.0
CVWF,2018-02-21,0.0
MTSR,2018-02-21,1.0
N,2018-02-21,7.0
P,2018-02-21,0.0
R,2018-02-21,0.0
RIMM,2018-02-21,13.0
T,2018-02-21,0.0
TOPI,2018-02-21,0.0
TOTM,2018-02-21,1.0
WHWI,2018-02-21,0.0
WINR,2018-02-21,1.0
WIWR,2018-02-21,0.0
CVTP,2018-02-22,0.0
CVWF,2018-02-22,0.0
MTSR,2018-02-22,0.0
N,2018-02-22,14.0
P,2018-02-22,0.0
R,2018-02-22,0.0
RIMM,2018-02-22,14.0
T,2018-02-22,0.0
TOPI,2018-02-22,0.0
TOTM,2018-02-22,1.0
WHWI,2018-02-22,0.0
WINR,2018-02-22,0.0
WIWR,2018-02-22,0.0
CVTP,2018-02-23,0.0
CVWF,2018-02-23,0.0
MTSR,2018-02-23,0.0
N,2018-02-23,8.0
P,2018-02-23,0.0
R,2018-02-23,0.0
RIMM,2018-02-23,0.0
T,2018-02-23,1.0
TOPI,2018-02-23,0.0
TOTM,2018-02-23,0.0
WHWI,2018-02-23,0.0
WINR,2018-02-23,1.0
WIWR,2018-02-23,0.0
CVTP,2018-02-24,1.0
CVWF,2018-02-24,0.0
MTSR,2018-02-24,0.0
N,2018-02-24,5.0
P,2018-02-24,0.0
R,2018-02-24,0.0
RIMM,2018-02-24,80.0
T,2018-02-24,0.0
TOPI,2018-02-24,0.0
TOTM,2018-02-24,1.0
WHWI,2018-02-24,0.0
WINR,2018-02-24,3.0
WIWR,2018-02-24,0.0
CVTP,2018-02-25,0.0
CVWF,2018-02-25,1.0
MTSR,2018-02-25,0.0
N,2018-02-25,1.0
P,2018-02-25,0.0
R,2018-02-25,0.0
RIMM,2018-02-25,49.0
T,2018-02-25,0.0
TOPI,2018-02-25,0.0
TOTM,2018-02-25,1.0
WHWI,2018-02-25,0.0
WINR,2018-02-25,1.0
WIWR,2018-02-25,1.0
CVTP,2018-02-26,1.0
CVWF,2018-02-26,0.0
MTSR,2018-02-26,0.0
N,2018-02-26,8.0
P,2018-02-26,0.0
R,2018-02-26,1.0
RIMM,2018-02-26,0.0
T,2018-02-26,0.0
TOPI,2018-02-26,0.0
TOTM,2018-02-26,3.0
WHWI,2018-02-26,0.0
WINR,2018-02-26,0.0
WIWR,2018-02-26,0.0
CVTP,2018-02-27,3.0
CVWF,2018-02-27,0.0
MTSR,2018-02-27,1.0
N,2018-02-27,4.0
P,2018-02-27,1.0
R,2018-02-27,0.0
RIMM,2018-02-27,0.0
T,2018-02-27,1.0
TOPI,2018-02-27,6.0
TOTM,2018-02-27,0.0
WHWI,2018-02-27,0.0
WINR,2018-02-27,0.0
WIWR,2018-02-27,1.0
CVTP,2018-02-28,0.0
CVWF,2018-02-28,1.0
MTSR,2018-02-28,0.0
N,2018-02-28,4.0
P,2018-02-28,0.0
R,2018-02-28,0.0
RIMM,2018-02-28,23.0
T,2018-02-28,0.0
TOPI,2018-02-28,0.0
TOTM,2018-02-28,0.0
WHWI,2018-02-28,0.0
WINR,2018-02-28,1.0
WIWR,2018-02-28,0.0
CVTP,2018-03-01,0.0
CVWF,2018-03-01,0.0
MTSR,2018-03-01,1.0
N,2018-03-01,7.0
P,2018-03-01,0.0
R,2018-03-01,0.0
RIMM,2018-03-01,77.0
T,2018-03-01,0.0
TOPI,2018-03-01,0.0
TOTM,2018-03-01,0.0
WHWI,2018-03-01,0.0
WINR,2018-03-01,0.0
WIWR,2018-03-01,0.0
CVTP,2018-03-02,0.0
CVWF,2018-03-02,3.0
MTSR,2018-03-02,0.0
N,2018-03-02,6.0
P,2018-03-02,0.0
R,2018-03-02,0.0
RIMM,2018-03-02,1.0
T,2018-03-02,0.0
TOPI,2018-03-02,0.0
TOTM,2018-03-02,0.0
WHWI,2018-03-02,0.0
WINR,2018-03-02,1.0
WIWR,2018-03-02,0.0
CVTP,2018-03-03,0.0
CVWF,2018-03-03,4.0
MTSR,2018-03-03,0.0
N,2018-03-03,1.0
P,2018-03-03,0.0
R,2018-03-03,0.0
RIMM,2018-03-03,0.0
T,2018-03-03,0.0
TOPI,2018-03-03,0.0
TOTM,2018-03-03,0.0
WHWI,2018-03-03,0.0
WINR,2018-03-03,3.0
WIWR,2018-03-03,0.0
CVTP,2018-03-04,0.0
CVWF,2018-03-04,0.0
MTSR,2018-03-04,0.0
N,2018-03-04,2.0
P,2018-03-04,0.0
R,2018-03-04,0.0
RIMM,2018-03-04,0.0
T,2018-03-04,0.0
TOPI,2018-03-04,0.0
TOTM,2018-03-04,0.0
WHWI,2018-03-04,0.0
WINR,2018-03-04,0.0
WIWR,2018-03-04,0.0
CVTP,2018-03-05,1.0
CVWF,2018-03-05,1.0
MTSR,2018-03-05,0.0
N,2018-03-05,1.0
P,2018-03-05,0.0
R,2018-03-05,0.0
RIMM,2018-03-05,0.0
T,2018-03-05,0.0
TOPI,2018-03-05,0.0
TOTM,2018-03-05,1.0
WHWI,2018-03-05,0.0
WINR,2018-03-05,0.0
WIWR,2018-03-05,0.0
CVTP,2018-03-06,1.0
CVWF,2018-03-06,0.0
MTSR,2018-03-06,0.0
N,2018-03-06,1.0
P,2018-03-06,0.0
R,2018-03-06,0.0
RIMM,2018-03-06,0.0
T,2018-03-06,0.0
TOPI,2018-03-06,0.0
TOTM,2018-03-06,0.0
WHWI,2018-03-06,0.0
WINR,2018-03-06,0.0
WIWR,2018-03-06,1.0
CVTP,2018-03-07,0.0
CVWF,2018-03-07,1.0
MTSR,2018-03-07,0.0
N,2018-03-07,0.0
P,2018-03-07,0.0
R,2018-03-07,0.0
RIMM,2018-03-07,29.0
T,2018-03-07,0.0
TOPI,2018-03-07,0.0
TOTM,2018-03-07,1.0
WHWI,2018-03-07,0.0
WINR,2018-03-07,1.0
WIWR,2018-03-07,0.0
CVTP,2018-03-08,0.0
CVWF,2018-03-08,13.0
MTSR,2018-03-08,0.0
N,2018-03-08,8.0
P,2018-03-08,0.0
R,2018-03-08,1.0
RIMM,2018-03-08,46.0
T,2018-03-08,0.0
TOPI,2018-03-08,0.0
TOTM,2018-03-08,0.0
WHWI,2018-03-08,0.0
WINR,2018-03-08,1.0
WIWR,2018-03-08,0.0
CVTP,2018-03-09,0.0
CVWF,2018-03-09,2.0
MTSR,2018-03-09,1.0
N,2018-03-09,6.0
P,2018-03-09,0.0
R,2018-03-09,0.0
RIMM,2018-03-09,90.0
T,2018-03-09,0.0
TOPI,2018-03-09,0.0
TOTM,2018-03-09,0.0
WHWI,2018-03-09,0.0
WINR,2018-03-09,1.0
WIWR,2018-03-09,0.0
CVTP,2018-03-10,1.0
CVWF,2018-03-10,2.0
MTSR,2018-03-10,1.0
N,2018-03-10,11.0
P,2018-03-10,0.0
R,2018-03-10,0.0
RIMM,2018-03-10,65.0
T,2018-03-10,0.0
TOPI,2018-03-10,0.0
TOTM,2018-03-10,1.0
WHWI,2018-03-10,0.0
WINR,2018-03-10,1.0
WIWR,2018-03-10,1.0
CVTP,2018-03-11,0.0
CVWF,2018-03-11,2.0
MTSR,2018-03-11,1.0
N,2018-03-11,8.0
P,2018-03-11,0.0
R,2018-03-11,0.0
RIMM,2018-03-11,3.0
T,2018-03-11,0.0
TOPI,2018-03-11,0.0
TOTM,2018-03-11,0.0
WHWI,2018-03-11,0.0
WINR,2018-03-11,1.0
WIWR,2018-03-11,0.0
CVTP,2018-03-12,0.0
CVWF,2018-03-12,0.0
MTSR,2018-03-12,0.0
N,2018-03-12,2.0
P,2018-03-12,0.0
R,2018-03-12,0.0
RIMM,2018-03-12,0.0
T,2018-03-12,0.0
TOPI,2018-03-12,0.0
TOTM,2018-03-12,0.0
WHWI,2018-03-12,0.0
WINR,2018-03-12,1.0
WIWR,2018-03-12,0.0
CVTP,2018-03-13,0.0
CVWF,2018-03-13,1.0
MTSR,2018-03-13,1.0
N,2018-03-13,8.0
P,2018-03-13,0.0
R,2018-03-13,0.0
RIMM,2018-03-13,0.0
T,2018-03-13,0.0
TOPI,2018-03-13,0.0
TOTM,2018-03-13,0.0
WHWI,2018-03-13,0.0
WINR,2018-03-13,2.0
WIWR,2018-03-13,0.0
CVTP,2018-03-14,0.0
CVWF,2018-03-14,0.0
MTSR,2018-03-14,0.0
N,2018-03-14,1.0
P,2018-03-14,0.0
R,2018-03-14,0.0
RIMM,2018-03-14,0.0
T,2018-03-14,0.0
TOPI,2018-03-14,0.0
TOTM,2018-03-14,0.0
WHWI,2018-03-14,0.0
WINR,2018-03-14,6.0
WIWR,2018-03-14,0.0
CVTP,2018-03-15,1.0
CVWF,2018-03-15,0.0
MTSR,2018-03-15,1.0
N,2018-03-15,7.0
P,2018-03-15,0.0
R,2018-03-15,0.0
RIMM,2018-03-15,0.0
T,2018-03-15,0.0
TOPI,2018-03-15,0.0
TOTM,2018-03-15,1.0
WHWI,2018-03-15,0.0
WINR,2018-03-15,1.0
WIWR,2018-03-15,0.0
CVTP,2018-03-16,0.0
CVWF,2018-03-16,0.0
MTSR,2018-03-16,0.0
N,2018-03-16,3.0
P,2018-03-16,0.0
R,2018-03-16,0.0
RIMM,2018-03-16,0.0
T,2018-03-16,0.0
TOPI,2018-03-16,0.0
TOTM,2018-03-16,0.0
WHWI,2018-03-16,0.0
WINR,2018-03-16,1.0
WIWR,2018-03-16,0.0
CVTP,2018-03-17,1.0
CVWF,2018-03-17,1.0
MTSR,2018-03-17,0.0
N,2018-03-17,2.0
P,2018-03-17,0.0
R,2018-03-17,1.0
RIMM,2018-03-17,51.0
T,2018-03-17,0.0
TOPI,2018-03-17,0.0
TOTM,2018-03-17,1.0
WHWI,2018-03-17,0.0
WINR,2018-03-17,1.0
WIWR,2018-03-17,1.0
CVTP,2018-03-18,1.0
CVWF,2018-03-18,0.0
MTSR,2018-03-18,1.0
N,2018-03-18,3.0
P,2018-03-18,0.0
R,2018-03-18,0.0
RIMM,2018-03-18,12.0
T,2018-03-18,0.0
TOPI,2018-03-18,0.0
TOTM,2018-03-18,0.0
WHWI,2018-03-18,0.0
WINR,2018-03-18,1.0
WIWR,2018-03-18,0.0
CVTP,2018-03-19,0.0
CVWF,2018-03-19,0.0
MTSR,2018-03-19,0.0
N,2018-03-19,5.0
P,2018-03-19,0.0
R,2018-03-19,0.0
RIMM,2018-03-19,21.0
T,2018-03-19,1.0
TOPI,2018-03-19,0.0
TOTM,2018-03-19,0.0
WHWI,2018-03-19,0.0
WINR,2018-03-19,1.0
WIWR,2018-03-19,0.0
CVTP,2018-03-20,0.0
CVWF,2018-03-20,0.0
MTSR,2018-03-20,0.0
N,2018-03-20,4.0
P,2018-03-20,0.0
R,2018-03-20,0.0
RIMM,2018-03-20,8.0
T,2018-03-20,0.0
TOPI,2018-03-20,0.0
TOTM,2018-03-20,0.0
WHWI,2018-03-20,0.0
WINR,2018-03-20,1.0
WIWR,2018-03-20,0.0
CVTP,2018-03-21,1.0
CVWF,2018-03-21,0.0
MTSR,2018-03-21,0.0
N,2018-03-21,3.0
P,2018-03-21,0.0
R,2018-03-21,0.0
RIMM,2018-03-21,16.0
T,2018-03-21,0.0
TOPI,2018-03-21,0.0
TOTM,2018-03-21,0.0
WHWI,2018-03-21,0.0
WINR,2018-03-21,1.0
WIWR,2018-03-21,0.0
CVTP,2018-03-22,0.0
CVWF,2018-03-22,1.0
MTSR,2018-03-22,0.0
N,2018-03-22,6.0
P,2018-03-22,0.0
R,2018-03-22,0.0
RIMM,2018-03-22,0.0
T,2018-03-22,0.0
TOPI,2018-03-22,0.0
TOTM,2018-03-22,0.0
WHWI,2018-03-22,0.0
WINR,2018-03-22,1.0
WIWR,2018-03-22,0.0
CVTP,2018-03-23,0.0
CVWF,2018-03-23,0.0
MTSR,2018-03-23,0.0
N,2018-03-23,1.0
P,2018-03-23,0.0
R,2018-03-23,0.0
RIMM,2018-03-23,0.0
T,2018-03-23,0.0
TOPI,2018-03-23,0.0
TOTM,2018-03-23,0.0
WHWI,2018-03-23,0.0
WINR,2018-03-23,2.0
WIWR,2018-03-23,0.0
CVTP,2018-03-24,0.0
CVWF,2018-03-24,0.0
MTSR,2018-03-24,0.0
N,2018-03-24,4.0
P,2018-03-24,0.0
R,2018-03-24,0.0
RIMM,2018-03-24,0.0
T,2018-03-24,0.0
TOPI,2018-03-24,0.0
TOTM,2018-03-24,0.0
WHWI,2018-03-24,0.0
WINR,2018-03-24,1.0
WIWR,2018-03-24,0.0
CVTP,2018-03-25,0.0
CVWF,2018-03-25,2.0
MTSR,2018-03-25,0.0
N,2018-03-25,1.0
P,2018-03-25,0.0
R,2018-03-25,0.0
RIMM,2018-03-25,3.0
T,2018-03-25,0.0
TOPI,2018-03-25,0.0
TOTM,2018-03-25,0.0
WHWI,2018-03-25,0.0
WINR,2018-03-25,0.0
WIWR,2018-03-25,0.0
CVTP,2018-03-26,0.0
CVWF,2018-03-26,2.0
MTSR,2018-03-26,0.0
N,2018-03-26,10.0
P,2018-03-26,0.0
R,2018-03-26,0.0
RIMM,2018-03-26,10.0
T,2018-03-26,0.0
TOPI,2018-03-26,0.0
TOTM,2018-03-26,0.0
WHWI,2018-03-26,0.0
WINR,2018-03-26,0.0
WIWR,2018-03-26,0.0
CVTP,2018-03-27,0.0
CVWF,2018-03-27,0.0
MTSR,2018-03-27,0.0
N,2018-03-27,7.0
P,2018-03-27,0.0
R,2018-03-27,0.0
RIMM,2018-03-27,5.0
T,2018-03-27,0.0
TOPI,2018-03-27,0.0
TOTM,2018-03-27,0.0
WHWI,2018-03-27,0.0
WINR,2018-03-27,0.0
WIWR,2018-03-27,0.0
CVTP,2018-03-28,0.0
CVWF,2018-03-28,0.0
MTSR,2018-03-28,0.0
N,2018-03-28,4.0
P,2018-03-28,0.0
R,2018-03-28,0.0
RIMM,2018-03-28,2.0
T,2018-03-28,0.0
TOPI,2018-03-28,2.0
TOTM,2018-03-28,0.0
WHWI,2018-03-28,0.0
WINR,2018-03-28,1.0
WIWR,2018-03-28,0.0
CVTP,2018-03-29,0.0
CVWF,2018-03-29,0.0
MTSR,2018-03-29,0.0
N,2018-03-29,16.0
P,2018-03-29,0.0
R,2018-03-29,0.0
RIMM,2018-03-29,14.0
T,2018-03-29,0.0
TOPI,2018-03-29,0.0
TOTM,2018-03-29,0.0
WHWI,2018-03-29,0.0
WINR,2018-03-29,2.0
WIWR,2018-03-29,0.0
CVTP,2018-03-30,0.0
CVWF,2018-03-30,0.0
MTSR,2018-03-30,0.0
N,2018-03-30,9.0
P,2018-03-30,0.0
R,2018-03-30,0.0
RIMM,2018-03-30,5.0
T,2018-03-30,0.0
TOPI,2018-03-30,0.0
TOTM,2018-03-30,0.0
WHWI,2018-03-30,0.0
WINR,2018-03-30,1.0
WIWR,2018-03-30,0.0
CVTP,2018-03-31,0.0
CVWF,2018-03-31,2.0
MTSR,2018-03-31,0.0
N,2018-03-31,1.0
P,2018-03-31,0.0
R,2018-03-31,0.0
RIMM,2018-03-31,1.0
T,2018-03-31,0.0
TOPI,2018-03-31,0.0
TOTM,2018-03-31,0.0
WHWI,2018-03-31,0.0
WINR,2018-03-31,0.0
WIWR,2018-03-31,0.0
CVTP,2018-04-01,0.0
CVWF,2018-04-01,1.0
MTSR,2018-04-01,0.0
N,2018-04-01,3.0
P,2018-04-01,0.0
R,2018-04-01,0.0
RIMM,2018-04-01,1.0
T,2018-04-01,0.0
TOPI,2018-04-01,0.0
TOTM,2018-04-01,0.0
WHWI,2018-04-01,0.0
WINR,2018-04-01,0.0
WIWR,2018-04-01,0.0
CVTP,2018-04-02,0.0
CVWF,2018-04-02,0.0
MTSR,2018-04-02,0.0
N,2018-04-02,2.0
P,2018-04-02,0.0
R,2018-04-02,0.0
RIMM,2018-04-02,1.0
T,2018-04-02,0.0
TOPI,2018-04-02,0.0
TOTM,2018-04-02,0.0
WHWI,2018-04-02,0.0
WINR,2018-04-02,0.0
WIWR,2018-04-02,0.0
CVTP,2018-04-03,1.0
CVWF,2018-04-03,0.0
MTSR,2018-04-03,1.0
N,2018-04-03,1.0
P,2018-04-03,1.0
R,2018-04-03,0.0
RIMM,2018-04-03,1.0
T,2018-04-03,0.0
TOPI,2018-04-03,0.0
TOTM,2018-04-03,0.0
WHWI,2018-04-03,0.0
WINR,2018-04-03,0.0
WIWR,2018-04-03,0.0
CVTP,2018-04-04,0.0
CVWF,2018-04-04,2.0
MTSR,2018-04-04,0.0
N,2018-04-04,2.0
P,2018-04-04,0.0
R,2018-04-04,0.0
RIMM,2018-04-04,2.0
T,2018-04-04,0.0
TOPI,2018-04-04,0.0
TOTM,2018-04-04,0.0
WHWI,2018-04-04,0.0
WINR,2018-04-04,0.0
WIWR,2018-04-04,0.0
CVTP,2018-04-05,0.0
CVWF,2018-04-05,0.0
MTSR,2018-04-05,0.0
N,2018-04-05,5.0
P,2018-04-05,0.0
R,2018-04-05,0.0
RIMM,2018-04-05,5.0
T,2018-04-05,0.0
TOPI,2018-04-05,0.0
TOTM,2018-04-05,0.0
WHWI,2018-04-05,0.0
WINR,2018-04-05,1.0
WIWR,2018-04-05,0.0
CVTP,2018-04-06,0.0
CVWF,2018-04-06,2.0
MTSR,2018-04-06,0.0
N,2018-04-06,8.0
P,2018-04-06,0.0
R,2018-04-06,0.0
RIMM,2018-04-06,1.0
T,2018-04-06,0.0
TOPI,2018-04-06,0.0
TOTM,2018-04-06,0.0
WHWI,2018-04-06,0.0
WINR,2018-04-06,2.0
WIWR,2018-04-06,0.0
CVTP,2018-04-07,0.0
CVWF,2018-04-07,0.0
MTSR,2018-04-07,0.0
N,2018-04-07,37.0
P,2018-04-07,0.0
R,2018-04-07,0.0
RIMM,2018-04-07,0.0
T,2018-04-07,0.0
TOPI,2018-04-07,0.0
TOTM,2018-04-07,0.0
WHWI,2018-04-07,0.0
WINR,2018-04-07,1.0
WIWR,2018-04-07,0.0
CVTP,2018-04-08,0.0
CVWF,2018-04-08,1.0
MTSR,2018-04-08,0.0
N,2018-04-08,8.0
P,2018-04-08,0.0
R,2018-04-08,0.0
RIMM,2018-04-08,0.0
T,2018-04-08,0.0
TOPI,2018-04-08,0.0
TOTM,2018-04-08,0.0
WHWI,2018-04-08,0.0
WINR,2018-04-08,1.0
WIWR,2018-04-08,0.0
CVTP,2018-04-09,0.0
CVWF,2018-04-09,1.0
MTSR,2018-04-09,0.0
N,2018-04-09,1.0
P,2018-04-09,0.0
R,2018-04-09,0.0
RIMM,2018-04-09,1.0
T,2018-04-09,0.0
TOPI,2018-04-09,0.0
TOTM,2018-04-09,0.0
WHWI,2018-04-09,0.0
WINR,2018-04-09,1.0
WIWR,2018-04-09,0.0
CVTP,2018-04-10,0.0
CVWF,2018-04-10,1.0
MTSR,2018-04-10,0.0
N,2018-04-10,1.0
P,2018-04-10,0.0
R,2018-04-10,0.0
RIMM,2018-04-10,19.0
T,2018-04-10,0.0
TOPI,2018-04-10,0.0
TOTM,2018-04-10,0.0
WHWI,2018-04-10,0.0
WINR,2018-04-10,2.0
WIWR,2018-04-10,0.0
CVTP,2018-04-11,0.0
CVWF,2018-04-11,0.0
MTSR,2018-04-11,0.0
N,2018-04-11,2.0
P,2018-04-11,0.0
R,2018-04-11,0.0
RIMM,2018-04-11,22.0
T,2018-04-11,0.0
TOPI,2018-04-11,0.0
TOTM,2018-04-11,118.0
WHWI,2018-04-11,0.0
WINR,2018-04-11,1.0
WIWR,2018-04-11,0.0
CVTP,2018-04-12,0.0
CVWF,2018-04-12,2.0
MTSR,2018-04-12,0.0
N,2018-04-12,0.0
P,2018-04-12,0.0
R,2018-04-12,0.0
RIMM,2018-04-12,1.0
T,2018-04-12,0.0
TOPI,2018-04-12,1.0
WHWI,2018-04-12,0.0
WINR,2018-04-12,1.0
WIWR,2018-04-12,1.0
CVTP,2018-04-13,0.0
CVWF,2018-04-13,0.0
MTSR,2018-04-13,0.0
N,2018-04-13,2.0
P,2018-04-13,0.0
R,2018-04-13,0.0
RIMM,2018-04-13,1.0
T,2018-04-13,0.0
TOPI,2018-04-13,0.0
WHWI,2018-04-13,0.0
WINR,2018-04-13,2.0
WIWR,2018-04-13,0.0
CVTP,2018-04-14,0.0
CVWF,2018-04-14,0.0
MTSR,2018-04-14,0.0
N,2018-04-14,4.0
P,2018-04-14,0.0
R,2018-04-14,0.0
RIMM,2018-04-14,0.0
T,2018-04-14,0.0
TOPI,2018-04-14,0.0
WHWI,2018-04-14,0.0
WINR,2018-04-14,2.0
WIWR,2018-04-14,0.0
CVTP,2018-04-15,0.0
CVWF,2018-04-15,0.0
MTSR,2018-04-15,0.0
N,2018-04-15,11.0
P,2018-04-15,0.0
R,2018-04-15,0.0
RIMM,2018-04-15,0.0
T,2018-04-15,0.0
TOPI,2018-04-15,0.0
WHWI,2018-04-15,0.0
WINR,2018-04-15,0.0
WIWR,2018-04-15,0.0
CVTP,2018-04-16,0.0
CVWF,2018-04-16,0.0
MTSR,2018-04-16,0.0
N,2018-04-16,1.0
P,2018-04-16,0.0
R,2018-04-16,0.0
RIMM,2018-04-16,1.0
T,2018-04-16,0.0
TOPI,2018-04-16,0.0
WHWI,2018-04-16,0.0
WINR,2018-04-16,1.0
WIWR,2018-04-16,0.0
CVTP,2018-04-17,0.0
CVWF,2018-04-17,0.0
MTSR,2018-04-17,0.0
N,2018-04-17,2.0
P,2018-04-17,0.0
R,2018-04-17,0.0
RIMM,2018-04-17,0.0
T,2018-04-17,0.0
TOPI,2018-04-17,0.0
WHWI,2018-04-17,0.0
WINR,2018-04-17,2.0
WIWR,2018-04-17,0.0
CVTP,2018-04-18,0.0
CVWF,2018-04-18,1.0
MTSR,2018-04-18,0.0
N,2018-04-18,10.0
P,2018-04-18,0.0
R,2018-04-18,0.0
RIMM,2018-04-18,47.0
T,2018-04-18,0.0
TOPI,2018-04-18,0.0
WHWI,2018-04-18,0.0
WINR,2018-04-18,1.0
WIWR,2018-04-18,0.0
CVTP,2018-04-19,0.0
CVWF,2018-04-19,0.0
MTSR,2018-04-19,0.0
N,2018-04-19,2.0
P,2018-04-19,0.0
R,2018-04-19,0.0
RIMM,2018-04-19,30.0
T,2018-04-19,0.0
TOPI,2018-04-19,0.0
WHWI,2018-04-19,0.0
WINR,2018-04-19,2.0
WIWR,2018-04-19,1.0
CVTP,2018-04-20,0.0
CVWF,2018-04-20,1.0
MTSR,2018-04-20,1.0
N,2018-04-20,13.0
P,2018-04-20,0.0
R,2018-04-20,0.0
RIMM,2018-04-20,12.0
T,2018-04-20,0.0
TOPI,2018-04-20,0.0
WHWI,2018-04-20,0.0
WINR,2018-04-20,0.0
WIWR,2018-04-20,1.0
CVTP,2018-04-21,0.0
CVWF,2018-04-21,1.0
MTSR,2018-04-21,0.0
N,2018-04-21,2.0
P,2018-04-21,0.0
R,2018-04-21,0.0
RIMM,2018-04-21,9.0
T,2018-04-21,0.0
TOPI,2018-04-21,0.0
WHWI,2018-04-21,0.0
WINR,2018-04-21,1.0
WIWR,2018-04-21,0.0
CVTP,2018-04-22,1.0
CVWF,2018-04-22,2.0
MTSR,2018-04-22,0.0
N,2018-04-22,1.0
P,2018-04-22,0.0
R,2018-04-22,0.0
RIMM,2018-04-22,2.0
T,2018-04-22,0.0
TOPI,2018-04-22,0.0
WHWI,2018-04-22,0.0
WINR,2018-04-22,0.0
WIWR,2018-04-22,1.0
CVTP,2018-04-23,0.0
CVWF,2018-04-23,0.0
MTSR,2018-04-23,0.0
N,2018-04-23,3.0
P,2018-04-23,0.0
R,2018-04-23,0.0
RIMM,2018-04-23,9.0
T,2018-04-23,0.0
TOPI,2018-04-23,0.0
WHWI,2018-04-23,0.0
WINR,2018-04-23,1.0
WIWR,2018-04-23,0.0
CVTP,2018-04-24,0.0
CVWF,2018-04-24,0.0
MTSR,2018-04-24,1.0
N,2018-04-24,9.0
P,2018-04-24,0.0
R,2018-04-24,0.0
RIMM,2018-04-24,0.0
T,2018-04-24,0.0
TOPI,2018-04-24,0.0
WHWI,2018-04-24,0.0
WINR,2018-04-24,0.0
WIWR,2018-04-24,0.0
CVTP,2018-04-25,0.0
CVWF,2018-04-25,0.0
MTSR,2018-04-25,0.0
N,2018-04-25,1.0
P,2018-04-25,0.0
R,2018-04-25,0.0
RIMM,2018-04-25,17.0
T,2018-04-25,0.0
TOPI,2018-04-25,0.0
WHWI,2018-04-25,0.0
WINR,2018-04-25,3.0
WIWR,2018-04-25,0.0
CVTP,2018-04-26,0.0
CVWF,2018-04-26,1.0
MTSR,2018-04-26,1.0
N,2018-04-26,0.0
P,2018-04-26,0.0
R,2018-04-26,0.0
RIMM,2018-04-26,0.0
T,2018-04-26,0.0
TOPI,2018-04-26,0.0
WHWI,2018-04-26,0.0
WINR,2018-04-26,0.0
WIWR,2018-04-26,0.0
CVTP,2018-04-27,1.0
CVWF,2018-04-27,0.0
MTSR,2018-04-27,1.0
N,2018-04-27,4.0
P,2018-04-27,0.0
R,2018-04-27,0.0
RIMM,2018-04-27,12.0
T,2018-04-27,0.0
TOPI,2018-04-27,0.0
WHWI,2018-04-27,0.0
WINR,2018-04-27,0.0
WIWR,2018-04-27,0.0
CVTP,2018-04-28,0.0
CVWF,2018-04-28,0.0
MTSR,2018-04-28,0.0
N,2018-04-28,0.0
P,2018-04-28,0.0
R,2018-04-28,0.0
RIMM,2018-04-28,32.0
T,2018-04-28,0.0
TOPI,2018-04-28,0.0
WHWI,2018-04-28,1.0
WINR,2018-04-28,1.0
WIWR,2018-04-28,1.0
CVTP,2018-04-29,0.0
CVWF,2018-04-29,2.0
MTSR,2018-04-29,0.0
N,2018-04-29,3.0
P,2018-04-29,0.0
R,2018-04-29,0.0
RIMM,2018-04-29,1.0
T,2018-04-29,0.0
TOPI,2018-04-29,0.0
WHWI,2018-04-29,1.0
WINR,2018-04-29,1.0
WIWR,2018-04-29,0.0
CVTP,2018-04-30,0.0
CVWF,2018-04-30,0.0
MTSR,2018-04-30,0.0
N,2018-04-30,3.0
P,2018-04-30,0.0
R,2018-04-30,1.0
RIMM,2018-04-30,3.0
T,2018-04-30,0.0
TOPI,2018-04-30,0.0
WHWI,2018-04-30,0.0
WINR,2018-04-30,1.0
WIWR,2018-04-30,1.0
CVTP,2018-05-01,0.0
CVWF,2018-05-01,1.0
MTSR,2018-05-01,0.0
N,2018-05-01,2.0
P,2018-05-01,0.0
R,2018-05-01,0.0
RIMM,2018-05-01,30.0
T,2018-05-01,0.0
TOPI,2018-05-01,0.0
WHWI,2018-05-01,0.0
WINR,2018-05-01,2.0
WIWR,2018-05-01,1.0
CVTP,2018-05-02,1.0
CVWF,2018-05-02,1.0
MTSR,2018-05-02,0.0
N,2018-05-02,3.0
P,2018-05-02,0.0
R,2018-05-02,0.0
RIMM,2018-05-02,0.0
T,2018-05-02,0.0
TOPI,2018-05-02,0.0
WHWI,2018-05-02,0.0
WINR,2018-05-02,0.0
WIWR,2018-05-02,1.0
CVTP,2018-05-03,0.0
CVWF,2018-05-03,1.0
MTSR,2018-05-03,0.0
N,2018-05-03,1.0
P,2018-05-03,0.0
R,2018-05-03,0.0
RIMM,2018-05-03,2.0
T,2018-05-03,0.0
TOPI,2018-05-03,0.0
TOTM,2018-05-03,0.0
WHWI,2018-05-03,0.0
WINR,2018-05-03,1.0
WIWR,2018-05-03,1.0
CVTP,2018-05-04,1.0
CVWF,2018-05-04,0.0
MTSR,2018-05-04,0.0
N,2018-05-04,3.0
P,2018-05-04,0.0
R,2018-05-04,0.0
RIMM,2018-05-04,1.0
T,2018-05-04,0.0
TOPI,2018-05-04,0.0
TOTM,2018-05-04,1.0
WHWI,2018-05-04,1.0
WINR,2018-05-04,0.0
WIWR,2018-05-04,1.0
CVTP,2018-05-05,0.0
CVWF,2018-05-05,0.0
MTSR,2018-05-05,1.0
N,2018-05-05,9.0
P,2018-05-05,0.0
R,2018-05-05,0.0
RIMM,2018-05-05,2.0
T,2018-05-05,0.0
TOPI,2018-05-05,0.0
TOTM,2018-05-05,0.0
WHWI,2018-05-05,0.0
WINR,2018-05-05,2.0
WIWR,2018-05-05,0.0
CVTP,2018-05-06,0.0
CVWF,2018-05-06,0.0
MTSR,2018-05-06,0.0
N,2018-05-06,11.0
P,2018-05-06,0.0
R,2018-05-06,0.0
RIMM,2018-05-06,3.0
T,2018-05-06,0.0
TOPI,2018-05-06,0.0
TOTM,2018-05-06,0.0
WHWI,2018-05-06,0.0
WINR,2018-05-06,0.0
WIWR,2018-05-06,1.0
CVTP,2018-05-07,0.0
CVWF,2018-05-07,2.0
MTSR,2018-05-07,0.0
N,2018-05-07,22.0
P,2018-05-07,0.0
R,2018-05-07,0.0
RIMM,2018-05-07,0.0
T,2018-05-07,0.0
TOPI,2018-05-07,0.0
TOTM,2018-05-07,0.0
WHWI,2018-05-07,1.0
WINR,2018-05-07,0.0
WIWR,2018-05-07,0.0
CVTP,2018-05-08,0.0
CVWF,2018-05-08,0.0
MTSR,2018-05-08,1.0
N,2018-05-08,1.0
P,2018-05-08,0.0
R,2018-05-08,0.0
RIMM,2018-05-08,0.0
T,2018-05-08,0.0
TOPI,2018-05-08,0.0
TOTM,2018-05-08,0.0
WHWI,2018-05-08,1.0
WINR,2018-05-08,2.0
WIWR,2018-05-08,0.0
CVTP,2018-05-09,1.0
CVWF,2018-05-09,1.0
MTSR,2018-05-09,0.0
N,2018-05-09,2.0
P,2018-05-09,0.0
R,2018-05-09,0.0
RIMM,2018-05-09,0.0
T,2018-05-09,0.0
TOPI,2018-05-09,0.0
TOTM,2018-05-09,1.0
WHWI,2018-05-09,0.0
WINR,2018-05-09,0.0
WIWR,2018-05-09,1.0
CVTP,2018-05-10,0.0
CVWF,2018-05-10,0.0
MTSR,2018-05-10,0.0
N,2018-05-10,22.0
P,2018-05-10,0.0
R,2018-05-10,0.0
RIMM,2018-05-10,2.0
T,2018-05-10,0.0
TOPI,2018-05-10,0.0
TOTM,2018-05-10,1.0
WHWI,2018-05-10,0.0
WINR,2018-05-10,0.0
WIWR,2018-05-10,0.0
CVTP,2018-05-11,1.0
CVWF,2018-05-11,1.0
MTSR,2018-05-11,0.0
N,2018-05-11,9.0
P,2018-05-11,0.0
R,2018-05-11,0.0
RIMM,2018-05-11,1.0
T,2018-05-11,0.0
TOPI,2018-05-11,0.0
TOTM,2018-05-11,0.0
WHWI,2018-05-11,0.0
WINR,2018-05-11,2.0
WIWR,2018-05-11,0.0
CVTP,2018-05-12,0.0
CVWF,2018-05-12,0.0
MTSR,2018-05-12,0.0
N,2018-05-12,9.0
P,2018-05-12,0.0
R,2018-05-12,0.0
RIMM,2018-05-12,0.0
T,2018-05-12,0.0
TOPI,2018-05-12,0.0
TOTM,2018-05-12,0.0
WHWI,2018-05-12,0.0
WINR,2018-05-12,0.0
WIWR,2018-05-12,1.0
CVTP,2018-05-13,1.0
CVWF,2018-05-13,0.0
MTSR,2018-05-13,0.0
N,2018-05-13,2.0
P,2018-05-13,0.0
R,2018-05-13,0.0
RIMM,2018-05-13,0.0
T,2018-05-13,0.0
TOPI,2018-05-13,0.0
TOTM,2018-05-13,1.0
WHWI,2018-05-13,0.0
WINR,2018-05-13,1.0
WIWR,2018-05-13,0.0
CVTP,2018-05-14,0.0
CVWF,2018-05-14,0.0
MTSR,2018-05-14,0.0
N,2018-05-14,2.0
P,2018-05-14,0.0
R,2018-05-14,0.0
RIMM,2018-05-14,0.0
T,2018-05-14,0.0
TOPI,2018-05-14,0.0
TOTM,2018-05-14,0.0
WHWI,2018-05-14,0.0
WINR,2018-05-14,0.0
WIWR,2018-05-14,1.0
CVTP,2018-05-15,2.0
CVWF,2018-05-15,3.0
MTSR,2018-05-15,0.0
N,2018-05-15,16.0
P,2018-05-15,0.0
R,2018-05-15,0.0
RIMM,2018-05-15,1.0
T,2018-05-15,0.0
TOPI,2018-05-15,0.0
TOTM,2018-05-15,0.0
WHWI,2018-05-15,0.0
WINR,2018-05-15,0.0
WIWR,2018-05-15,0.0
CVTP,2018-05-16,0.0
CVWF,2018-05-16,0.0
MTSR,2018-05-16,0.0
N,2018-05-16,10.0
P,2018-05-16,0.0
R,2018-05-16,0.0
RIMM,2018-05-16,26.0
T,2018-05-16,0.0
TOPI,2018-05-16,3.0
TOTM,2018-05-16,1.0
WHWI,2018-05-16,0.0
WINR,2018-05-16,0.0
WIWR,2018-05-16,0.0
CVTP,2018-05-17,0.0
CVWF,2018-05-17,1.0
MTSR,2018-05-17,1.0
N,2018-05-17,10.0
P,2018-05-17,0.0
R,2018-05-17,0.0
RIMM,2018-05-17,12.0
T,2018-05-17,0.0
TOPI,2018-05-17,0.0
TOTM,2018-05-17,0.0
WHWI,2018-05-17,0.0
WINR,2018-05-17,0.0
WIWR,2018-05-17,0.0
CVTP,2018-05-18,1.0
CVWF,2018-05-18,0.0
MTSR,2018-05-18,0.0
N,2018-05-18,6.0
P,2018-05-18,0.0
R,2018-05-18,0.0
RIMM,2018-05-18,0.0
T,2018-05-18,0.0
TOPI,2018-05-18,0.0
TOTM,2018-05-18,0.0
WHWI,2018-05-18,0.0
WINR,2018-05-18,0.0
WIWR,2018-05-18,0.0
CVTP,2018-05-19,0.0
CVWF,2018-05-19,0.0
MTSR,2018-05-19,0.0
N,2018-05-19,4.0
P,2018-05-19,0.0
R,2018-05-19,0.0
RIMM,2018-05-19,24.0
T,2018-05-19,0.0
TOPI,2018-05-19,0.0
TOTM,2018-05-19,0.0
WHWI,2018-05-19,0.0
WINR,2018-05-19,0.0
WIWR,2018-05-19,1.0
CVTP,2018-05-20,0.0
CVWF,2018-05-20,0.0
MTSR,2018-05-20,1.0
N,2018-05-20,3.0
P,2018-05-20,0.0
R,2018-05-20,0.0
RIMM,2018-05-20,1.0
T,2018-05-20,0.0
TOPI,2018-05-20,0.0
TOTM,2018-05-20,0.0
WHWI,2018-05-20,0.0
WINR,2018-05-20,0.0
WIWR,2018-05-20,0.0
CVTP,2018-05-21,0.0
CVWF,2018-05-21,0.0
MTSR,2018-05-21,1.0
N,2018-05-21,13.0
P,2018-05-21,0.0
R,2018-05-21,0.0
RIMM,2018-05-21,3.0
T,2018-05-21,0.0
TOPI,2018-05-21,0.0
TOTM,2018-05-21,1.0
WHWI,2018-05-21,0.0
WINR,2018-05-21,0.0
WIWR,2018-05-21,1.0
CVTP,2018-05-22,0.0
CVWF,2018-05-22,2.0
MTSR,2018-05-22,0.0
N,2018-05-22,7.0
P,2018-05-22,0.0
R,2018-05-22,0.0
RIMM,2018-05-22,0.0
T,2018-05-22,0.0
TOPI,2018-05-22,0.0
TOTM,2018-05-22,0.0
WHWI,2018-05-22,0.0
WINR,2018-05-22,0.0
WIWR,2018-05-22,0.0
CVTP,2018-05-23,0.0
CVWF,2018-05-23,0.0
MTSR,2018-05-23,0.0
N,2018-05-23,4.0
P,2018-05-23,0.0
R,2018-05-23,0.0
RIMM,2018-05-23,5.0
T,2018-05-23,0.0
TOPI,2018-05-23,0.0
TOTM,2018-05-23,1.0
WHWI,2018-05-23,0.0
WINR,2018-05-23,0.0
WIWR,2018-05-23,0.0
CVTP,2018-05-24,0.0
CVWF,2018-05-24,0.0
MTSR,2018-05-24,1.0
N,2018-05-24,0.0
P,2018-05-24,0.0
R,2018-05-24,0.0
RIMM,2018-05-24,0.0
T,2018-05-24,0.0
TOPI,2018-05-24,0.0
TOTM,2018-05-24,1.0
WHWI,2018-05-24,0.0
WINR,2018-05-24,2.0
WIWR,2018-05-24,0.0
CVTP,2018-05-25,1.0
CVWF,2018-05-25,0.0
MTSR,2018-05-25,0.0
N,2018-05-25,8.0
P,2018-05-25,0.0
R,2018-05-25,0.0
RIMM,2018-05-25,1.0
T,2018-05-25,0.0
TOPI,2018-05-25,0.0
TOTM,2018-05-25,1.0
WHWI,2018-05-25,0.0
WINR,2018-05-25,2.0
WIWR,2018-05-25,1.0
CVTP,2018-05-26,0.0
CVWF,2018-05-26,2.0
MTSR,2018-05-26,0.0
N,2018-05-26,2.0
P,2018-05-26,0.0
R,2018-05-26,0.0
RIMM,2018-05-26,8.0
T,2018-05-26,0.0
TOPI,2018-05-26,0.0
TOTM,2018-05-26,1.0
WHWI,2018-05-26,0.0
WINR,2018-05-26,0.0
WIWR,2018-05-26,1.0
CVTP,2018-05-27,0.0
CVWF,2018-05-27,1.0
MTSR,2018-05-27,0.0
N,2018-05-27,14.0
P,2018-05-27,0.0
R,2018-05-27,0.0
RIMM,2018-05-27,1.0
T,2018-05-27,0.0
TOPI,2018-05-27,0.0
TOTM,2018-05-27,1.0
WHWI,2018-05-27,1.0
WINR,2018-05-27,0.0
WIWR,2018-05-27,1.0
CVTP,2018-05-28,0.0
CVWF,2018-05-28,1.0
MTSR,2018-05-28,1.0
N,2018-05-28,5.0
P,2018-05-28,0.0
R,2018-05-28,0.0
RIMM,2018-05-28,10.0
T,2018-05-28,0.0
TOPI,2018-05-28,0.0
TOTM,2018-05-28,0.0
WHWI,2018-05-28,0.0
WINR,2018-05-28,1.0
WIWR,2018-05-28,1.0
CVTP,2018-05-29,80.0
CVWF,2018-05-29,1.0
MTSR,2018-05-29,0.0
N,2018-05-29,1.0
P,2018-05-29,0.0
R,2018-05-29,0.0
RIMM,2018-05-29,2.0
T,2018-05-29,0.0
TOPI,2018-05-29,0.0
TOTM,2018-05-29,0.0
WHWI,2018-05-29,0.0
WINR,2018-05-29,0.0
WIWR,2018-05-29,0.0
CVTP,2018-05-30,0.0
CVWF,2018-05-30,1.0
MTSR,2018-05-30,1.0
N,2018-05-30,2.0
P,2018-05-30,0.0
R,2018-05-30,0.0
RIMM,2018-05-30,5.0
T,2018-05-30,0.0
TOPI,2018-05-30,0.0
TOTM,2018-05-30,0.0
WHWI,2018-05-30,1.0
WINR,2018-05-30,0.0
WIWR,2018-05-30,0.0
CVTP,2018-05-31,1.0
CVWF,2018-05-31,0.0
MTSR,2018-05-31,0.0
N,2018-05-31,2.0
P,2018-05-31,0.0
R,2018-05-31,0.0
RIMM,2018-05-31,1.0
T,2018-05-31,0.0
TOPI,2018-05-31,0.0
TOTM,2018-05-31,0.0
WHWI,2018-05-31,0.0
WINR,2018-05-31,0.0
WIWR,2018-05-31,0.0
CVTP,2018-06-01,0.0
CVWF,2018-06-01,0.0
MTSR,2018-06-01,1.0
N,2018-06-01,4.0
P,2018-06-01,0.0
R,2018-06-01,0.0
RIMM,2018-06-01,0.0
T,2018-06-01,0.0
TOPI,2018-06-01,0.0
TOTM,2018-06-01,0.0
WHWI,2018-06-01,0.0
WINR,2018-06-01,1.0
WIWR,2018-06-01,0.0
CVTP,2018-06-02,0.0
CVWF,2018-06-02,1.0
MTSR,2018-06-02,0.0
N,2018-06-02,29.0
P,2018-06-02,0.0
R,2018-06-02,1.0
RIMM,2018-06-02,1.0
T,2018-06-02,0.0
TOPI,2018-06-02,0.0
TOTM,2018-06-02,0.0
WHWI,2018-06-02,1.0
WINR,2018-06-02,2.0
WIWR,2018-06-02,0.0
CVTP,2018-06-03,1.0
CVWF,2018-06-03,0.0
MTSR,2018-06-03,0.0
N,2018-06-03,2.0
P,2018-06-03,0.0
R,2018-06-03,0.0
RIMM,2018-06-03,1.0
T,2018-06-03,0.0
TOPI,2018-06-03,0.0
TOTM,2018-06-03,1.0
WHWI,2018-06-03,0.0
WINR,2018-06-03,4.0
WIWR,2018-06-03,0.0
CVTP,2018-06-04,0.0
CVWF,2018-06-04,1.0
MTSR,2018-06-04,0.0
N,2018-06-04,5.0
P,2018-06-04,0.0
R,2018-06-04,0.0
RIMM,2018-06-04,8.0
T,2018-06-04,0.0
TOPI,2018-06-04,0.0
TOTM,2018-06-04,0.0
WHWI,2018-06-04,0.0
WINR,2018-06-04,4.0
WIWR,2018-06-04,1.0
CVTP,2018-06-05,1.0
CVWF,2018-06-05,1.0
MTSR,2018-06-05,0.0
N,2018-06-05,5.0
P,2018-06-05,0.0
R,2018-06-05,1.0
RIMM,2018-06-05,0.0
T,2018-06-05,0.0
TOPI,2018-06-05,0.0
TOTM,2018-06-05,0.0
WHWI,2018-06-05,0.0
WINR,2018-06-05,0.0
WIWR,2018-06-05,0.0
CVTP,2018-06-06,1.0
CVWF,2018-06-06,1.0
MTSR,2018-06-06,1.0
N,2018-06-06,14.0
P,2018-06-06,1.0
R,2018-06-06,1.0
RIMM,2018-06-06,13.0
T,2018-06-06,1.0
TOPI,2018-06-06,1.0
TOTM,2018-06-06,1.0
WHWI,2018-06-06,1.0
WINR,2018-06-06,3.0
WIWR,2018-06-06,1.0
CVTP,2018-06-07,0.0
CVWF,2018-06-07,0.0
MTSR,2018-06-07,0.0
N,2018-06-07,6.0
P,2018-06-07,1.0
R,2018-06-07,1.0
RIMM,2018-06-07,4.0
T,2018-06-07,0.0
TOPI,2018-06-07,0.0
TOTM,2018-06-07,1.0
WHWI,2018-06-07,0.0
WINR,2018-06-07,1.0
WIWR,2018-06-07,0.0
CVTP,2018-06-08,0.0
CVWF,2018-06-08,0.0
MTSR,2018-06-08,1.0
N,2018-06-08,2.0
P,2018-06-08,0.0
R,2018-06-08,0.0
RIMM,2018-06-08,4.0
T,2018-06-08,0.0
TOPI,2018-06-08,0.0
TOTM,2018-06-08,0.0
WHWI,2018-06-08,0.0
WINR,2018-06-08,0.0
WIWR,2018-06-08,1.0
CVTP,2018-06-09,0.0
CVWF,2018-06-09,0.0
MTSR,2018-06-09,0.0
N,2018-06-09,5.0
P,2018-06-09,0.0
R,2018-06-09,0.0
RIMM,2018-06-09,9.0
T,2018-06-09,0.0
TOPI,2018-06-09,0.0
TOTM,2018-06-09,1.0
WHWI,2018-06-09,0.0
WINR,2018-06-09,0.0
WIWR,2018-06-09,0.0
CVTP,2018-06-10,0.0
CVWF,2018-06-10,0.0
MTSR,2018-06-10,0.0
N,2018-06-10,2.0
P,2018-06-10,0.0
R,2018-06-10,0.0
RIMM,2018-06-10,15.0
T,2018-06-10,0.0
TOPI,2018-06-10,0.0
TOTM,2018-06-10,1.0
WHWI,2018-06-10,0.0
WINR,2018-06-10,2.0
WIWR,2018-06-10,3.0
CVTP,2018-06-11,1.0
CVWF,2018-06-11,0.0
MTSR,2018-06-11,0.0
N,2018-06-11,8.0
P,2018-06-11,0.0
R,2018-06-11,1.0
RIMM,2018-06-11,5.0
T,2018-06-11,1.0
TOPI,2018-06-11,0.0
TOTM,2018-06-11,0.0
WHWI,2018-06-11,0.0
WINR,2018-06-11,2.0
WIWR,2018-06-11,0.0
CVTP,2018-06-12,2.0
CVWF,2018-06-12,1.0
MTSR,2018-06-12,1.0
N,2018-06-12,62.0
P,2018-06-12,1.0
R,2018-06-12,0.0
RIMM,2018-06-12,16.0
T,2018-06-12,0.0
TOPI,2018-06-12,0.0
TOTM,2018-06-12,0.0
WHWI,2018-06-12,0.0
WINR,2018-06-12,1.0
WIWR,2018-06-12,0.0
CVTP,2018-06-13,0.0
CVWF,2018-06-13,1.0
MTSR,2018-06-13,0.0
N,2018-06-13,15.0
P,2018-06-13,0.0
R,2018-06-13,0.0
RIMM,2018-06-13,6.0
T,2018-06-13,-4.0
TOPI,2018-06-13,0.0
TOTM,2018-06-13,0.0
WHWI,2018-06-13,0.0
WINR,2018-06-13,2.0
WIWR,2018-06-13,1.0
CVTP,2018-06-14,0.0
CVWF,2018-06-14,0.0
MTSR,2018-06-14,0.0
N,2018-06-14,1.0
P,2018-06-14,0.0
R,2018-06-14,0.0
RIMM,2018-06-14,3.0
T,2018-06-14,-5.0
TOPI,2018-06-14,0.0
TOTM,2018-06-14,0.0
WHWI,2018-06-14,0.0
WINR,2018-06-14,1.0
WIWR,2018-06-14,0.0
CVTP,2018-06-15,52.0
CVWF,2018-06-15,0.0
MTSR,2018-06-15,1.0
N,2018-06-15,1.0
P,2018-06-15,0.0
R,2018-06-15,0.0
RIMM,2018-06-15,55.0
T,2018-06-15,0.0
TOPI,2018-06-15,1.0
TOTM,2018-06-15,0.0
WHWI,2018-06-15,0.0
WINR,2018-06-15,1.0
WIWR,2018-06-15,0.0
CVTP,2018-06-16,0.0
CVWF,2018-06-16,1.0
MTSR,2018-06-16,0.0
N,2018-06-16,4.0
P,2018-06-16,0.0
R,2018-06-16,0.0
RIMM,2018-06-16,58.0
T,2018-06-16,1.0
TOPI,2018-06-16,0.0
TOTM,2018-06-16,0.0
WHWI,2018-06-16,0.0
WINR,2018-06-16,4.0
WIWR,2018-06-16,1.0
CVTP,2018-06-17,0.0
CVWF,2018-06-17,12.0
MTSR,2018-06-17,-4.0
N,2018-06-17,7.0
P,2018-06-17,0.0
R,2018-06-17,3.0
RIMM,2018-06-17,1.0
T,2018-06-17,0.0
TOPI,2018-06-17,0.0
TOTM,2018-06-17,5.0
WHWI,2018-06-17,0.0
WINR,2018-06-17,2.0
WIWR,2018-06-17,1.0
CVTP,2018-06-18,0.0
CVWF,2018-06-18,1.0
MTSR,2018-06-18,0.0
N,2018-06-18,12.0
P,2018-06-18,0.0
R,2018-06-18,0.0
RIMM,2018-06-18,0.0
T,2018-06-18,0.0
TOPI,2018-06-18,0.0
TOTM,2018-06-18,1.0
WHWI,2018-06-18,0.0
WINR,2018-06-18,2.0
WIWR,2018-06-18,0.0
CVTP,2018-06-19,0.0
CVWF,2018-06-19,0.0
MTSR,2018-06-19,0.0
N,2018-06-19,9.0
P,2018-06-19,0.0
R,2018-06-19,3.0
RIMM,2018-06-19,0.0
T,2018-06-19,0.0
TOPI,2018-06-19,0.0
TOTM,2018-06-19,3.0
WHWI,2018-06-19,0.0
WINR,2018-06-19,3.0
WIWR,2018-06-19,0.0
CVTP,2018-06-20,0.0
CVWF,2018-06-20,0.0
MTSR,2018-06-20,0.0
N,2018-06-20,9.0
P,2018-06-20,0.0
R,2018-06-20,0.0
RIMM,2018-06-20,21.0
T,2018-06-20,0.0
TOPI,2018-06-20,0.0
TOTM,2018-06-20,0.0
WHWI,2018-06-20,0.0
WINR,2018-06-20,1.0
WIWR,2018-06-20,0.0
CVTP,2018-06-21,0.0
CVWF,2018-06-21,0.0
MTSR,2018-06-21,0.0
N,2018-06-21,27.0
P,2018-06-21,0.0
R,2018-06-21,2.0
RIMM,2018-06-21,3.0
T,2018-06-21,0.0
TOPI,2018-06-21,0.0
TOTM,2018-06-21,1.0
WHWI,2018-06-21,0.0
WINR,2018-06-21,0.0
WIWR,2018-06-21,0.0
CVTP,2018-06-22,0.0
CVWF,2018-06-22,0.0
MTSR,2018-06-22,0.0
N,2018-06-22,4.0
P,2018-06-22,0.0
R,2018-06-22,0.0
RIMM,2018-06-22,11.0
T,2018-06-22,0.0
TOPI,2018-06-22,0.0
TOTM,2018-06-22,5.0
WHWI,2018-06-22,0.0
WINR,2018-06-22,0.0
WIWR,2018-06-22,0.0
CVTP,2018-06-23,0.0
CVWF,2018-06-23,0.0
MTSR,2018-06-23,0.0
N,2018-06-23,2.0
P,2018-06-23,0.0
R,2018-06-23,1.0
RIMM,2018-06-23,29.0
T,2018-06-23,0.0
TOPI,2018-06-23,0.0
TOTM,2018-06-23,1.0
WHWI,2018-06-23,0.0
WINR,2018-06-23,0.0
WIWR,2018-06-23,0.0
CVTP,2018-06-24,0.0
CVWF,2018-06-24,9.0
MTSR,2018-06-24,0.0
N,2018-06-24,4.0
P,2018-06-24,0.0
R,2018-06-24,0.0
RIMM,2018-06-24,0.0
T,2018-06-24,0.0
TOPI,2018-06-24,0.0
TOTM,2018-06-24,1.0
WHWI,2018-06-24,0.0
WINR,2018-06-24,13.0
WIWR,2018-06-24,0.0
CVTP,2018-06-25,0.0
CVWF,2018-06-25,10.0
MTSR,2018-06-25,0.0
N,2018-06-25,5.0
P,2018-06-25,0.0
R,2018-06-25,0.0
RIMM,2018-06-25,15.0
T,2018-06-25,0.0
TOPI,2018-06-25,0.0
TOTM,2018-06-25,2.0
WHWI,2018-06-25,0.0
WINR,2018-06-25,1.0
WIWR,2018-06-25,0.0
CVTP,2018-06-26,0.0
CVWF,2018-06-26,0.0
MTSR,2018-06-26,0.0
N,2018-06-26,1.0
P,2018-06-26,0.0
R,2018-06-26,1.0
RIMM,2018-06-26,2.0
T,2018-06-26,0.0
TOPI,2018-06-26,0.0
TOTM,2018-06-26,0.0
WHWI,2018-06-26,0.0
WINR,2018-06-26,70.0
WIWR,2018-06-26,0.0
CVTP,2018-06-27,1.0
CVWF,2018-06-27,0.0
MTSR,2018-06-27,0.0
N,2018-06-27,2.0
P,2018-06-27,1.0
R,2018-06-27,0.0
RIMM,2018-06-27,0.0
T,2018-06-27,0.0
TOPI,2018-06-27,0.0
TOTM,2018-06-27,1.0
WHWI,2018-06-27,0.0
WINR,2018-06-27,2.0
WIWR,2018-06-27,0.0
CVTP,2018-06-28,0.0
CVWF,2018-06-28,0.0
MTSR,2018-06-28,0.0
N,2018-06-28,7.0
P,2018-06-28,0.0
R,2018-06-28,0.0
RIMM,2018-06-28,9.0
T,2018-06-28,0.0
TOPI,2018-06-28,0.0
TOTM,2018-06-28,0.0
WHWI,2018-06-28,0.0
WINR,2018-06-28,4.0
WIWR,2018-06-28,0.0
CVTP,2018-06-29,0.0
CVWF,2018-06-29,0.0
MTSR,2018-06-29,0.0
N,2018-06-29,1.0
P,2018-06-29,0.0
R,2018-06-29,0.0
RIMM,2018-06-29,1.0
T,2018-06-29,0.0
TOPI,2018-06-29,0.0
TOTM,2018-06-29,0.0
WHWI,2018-06-29,0.0
WINR,2018-06-29,2.0
WIWR,2018-06-29,0.0
CVTP,2018-06-30,0.0
CVWF,2018-06-30,0.0
MTSR,2018-06-30,0.0
N,2018-06-30,9.0
P,2018-06-30,0.0
R,2018-06-30,2.0
RIMM,2018-06-30,1.0
T,2018-06-30,0.0
TOPI,2018-06-30,0.0
TOTM,2018-06-30,1.0
WHWI,2018-06-30,0.0
WINR,2018-06-30,0.0
WIWR,2018-06-30,0.0
CVTP,2018-07-01,0.0
CVWF,2018-07-01,12.0
MTSR,2018-07-01,0.0
N,2018-07-01,2.0
P,2018-07-01,0.0
R,2018-07-01,0.0
RIMM,2018-07-01,0.0
T,2018-07-01,0.0
TOPI,2018-07-01,0.0
TOTM,2018-07-01,0.0
WHWI,2018-07-01,0.0
WINR,2018-07-01,5.0
WIWR,2018-07-01,0.0
CVTP,2018-07-02,0.0
CVWF,2018-07-02,12.0
MTSR,2018-07-02,0.0
N,2018-07-02,1.0
P,2018-07-02,0.0
R,2018-07-02,1.0
RIMM,2018-07-02,1.0
T,2018-07-02,0.0
TOPI,2018-07-02,0.0
TOTM,2018-07-02,2.0
WHWI,2018-07-02,0.0
WINR,2018-07-02,3.0
WIWR,2018-07-02,0.0
CVTP,2018-07-03,0.0
CVWF,2018-07-03,0.0
MTSR,2018-07-03,0.0
N,2018-07-03,6.0
P,2018-07-03,0.0
R,2018-07-03,2.0
RIMM,2018-07-03,0.0
T,2018-07-03,0.0
TOPI,2018-07-03,0.0
TOTM,2018-07-03,0.0
WHWI,2018-07-03,0.0
WINR,2018-07-03,3.0
WIWR,2018-07-03,0.0
CVTP,2018-07-04,0.0
CVWF,2018-07-04,0.0
MTSR,2018-07-04,0.0
N,2018-07-04,1.0
P,2018-07-04,0.0
R,2018-07-04,2.0
RIMM,2018-07-04,5.0
T,2018-07-04,0.0
TOPI,2018-07-04,0.0
TOTM,2018-07-04,1.0
WHWI,2018-07-04,0.0
WINR,2018-07-04,3.0
WIWR,2018-07-04,1.0
CVTP,2018-07-05,0.0
CVWF,2018-07-05,0.0
MTSR,2018-07-05,0.0
N,2018-07-05,8.0
P,2018-07-05,0.0
R,2018-07-05,0.0
RIMM,2018-07-05,0.0
T,2018-07-05,0.0
TOPI,2018-07-05,0.0
TOTM,2018-07-05,1.0
WHWI,2018-07-05,0.0
WINR,2018-07-05,1.0
WIWR,2018-07-05,0.0
CVTP,2018-07-06,0.0
CVWF,2018-07-06,1.0
MTSR,2018-07-06,0.0
N,2018-07-06,6.0
P,2018-07-06,0.0
R,2018-07-06,1.0
RIMM,2018-07-06,3.0
T,2018-07-06,0.0
TOPI,2018-07-06,0.0
TOTM,2018-07-06,2.0
WHWI,2018-07-06,0.0
WINR,2018-07-06,3.0
WIWR,2018-07-06,0.0
CVTP,2018-07-07,0.0
CVWF,2018-07-07,0.0
MTSR,2018-07-07,0.0
N,2018-07-07,1.0
P,2018-07-07,0.0
R,2018-07-07,0.0
RIMM,2018-07-07,0.0
T,2018-07-07,0.0
TOPI,2018-07-07,0.0
TOTM,2018-07-07,0.0
WHWI,2018-07-07,0.0
WINR,2018-07-07,2.0
WIWR,2018-07-07,0.0
CVTP,2018-07-08,0.0
CVWF,2018-07-08,0.0
MTSR,2018-07-08,0.0
N,2018-07-08,2.0
P,2018-07-08,0.0
R,2018-07-08,0.0
RIMM,2018-07-08,0.0
T,2018-07-08,0.0
TOPI,2018-07-08,0.0
TOTM,2018-07-08,1.0
WHWI,2018-07-08,0.0
WINR,2018-07-08,1.0
WIWR,2018-07-08,3.0
CVTP,2018-07-09,0.0
CVWF,2018-07-09,0.0
MTSR,2018-07-09,0.0
N,2018-07-09,6.0
P,2018-07-09,0.0
R,2018-07-09,1.0
RIMM,2018-07-09,1.0
T,2018-07-09,0.0
TOPI,2018-07-09,0.0
TOTM,2018-07-09,1.0
WHWI,2018-07-09,0.0
WINR,2018-07-09,3.0
WIWR,2018-07-09,0.0
CVTP,2018-07-10,2.0
CVWF,2018-07-10,0.0
MTSR,2018-07-10,0.0
N,2018-07-10,5.0
P,2018-07-10,0.0
R,2018-07-10,0.0
RIMM,2018-07-10,3.0
T,2018-07-10,0.0
TOPI,2018-07-10,0.0
TOTM,2018-07-10,1.0
WHWI,2018-07-10,0.0
WINR,2018-07-10,1.0
WIWR,2018-07-10,0.0
CVTP,2018-07-11,0.0
CVWF,2018-07-11,0.0
MTSR,2018-07-11,0.0
N,2018-07-11,9.0
P,2018-07-11,0.0
R,2018-07-11,0.0
RIMM,2018-07-11,0.0
T,2018-07-11,0.0
TOPI,2018-07-11,0.0
TOTM,2018-07-11,1.0
WHWI,2018-07-11,0.0
WINR,2018-07-11,4.0
WIWR,2018-07-11,1.0
CVTP,2018-07-12,16.0
CVWF,2018-07-12,1.0
MTSR,2018-07-12,0.0
N,2018-07-12,7.0
P,2018-07-12,0.0
R,2018-07-12,0.0
RIMM,2018-07-12,1.0
T,2018-07-12,0.0
TOPI,2018-07-12,13.0
TOTM,2018-07-12,0.0
WHWI,2018-07-12,0.0
WINR,2018-07-12,3.0
WIWR,2018-07-12,0.0
CVTP,2018-07-13,10.0
CVWF,2018-07-13,0.0
MTSR,2018-07-13,0.0
N,2018-07-13,4.0
P,2018-07-13,0.0
R,2018-07-13,2.0
RIMM,2018-07-13,15.0
T,2018-07-13,0.0
TOPI,2018-07-13,11.0
TOTM,2018-07-13,2.0
WHWI,2018-07-13,0.0
WINR,2018-07-13,2.0
WIWR,2018-07-13,0.0
CVTP,2018-07-14,2.0
CVWF,2018-07-14,0.0
MTSR,2018-07-14,0.0
N,2018-07-14,1.0
P,2018-07-14,0.0
R,2018-07-14,2.0
RIMM,2018-07-14,18.0
T,2018-07-14,0.0
TOPI,2018-07-14,1.0
TOTM,2018-07-14,2.0
WHWI,2018-07-14,0.0
WINR,2018-07-14,3.0
WIWR,2018-07-14,0.0
CVTP,2018-07-15,7.0
CVWF,2018-07-15,0.0
MTSR,2018-07-15,0.0
N,2018-07-15,6.0
P,2018-07-15,0.0
R,2018-07-15,0.0
RIMM,2018-07-15,46.0
T,2018-07-15,0.0
TOPI,2018-07-15,5.0
TOTM,2018-07-15,0.0
WHWI,2018-07-15,0.0
WINR,2018-07-15,3.0
WIWR,2018-07-15,0.0
CVTP,2018-07-16,4.0
CVWF,2018-07-16,0.0
MTSR,2018-07-16,0.0
N,2018-07-16,8.0
P,2018-07-16,0.0
R,2018-07-16,0.0
RIMM,2018-07-16,2.0
T,2018-07-16,0.0
TOPI,2018-07-16,4.0
TOTM,2018-07-16,0.0
WHWI,2018-07-16,0.0
WINR,2018-07-16,1.0
WIWR,2018-07-16,0.0
CVTP,2018-07-17,4.0
CVWF,2018-07-17,1.0
MTSR,2018-07-17,0.0
N,2018-07-17,8.0
P,2018-07-17,0.0
R,2018-07-17,0.0
RIMM,2018-07-17,0.0
T,2018-07-17,0.0
TOPI,2018-07-17,4.0
TOTM,2018-07-17,0.0
WHWI,2018-07-17,0.0
WINR,2018-07-17,2.0
WIWR,2018-07-17,0.0
CVTP,2018-07-18,2.0
CVWF,2018-07-18,0.0
MTSR,2018-07-18,0.0
N,2018-07-18,11.0
P,2018-07-18,0.0
R,2018-07-18,1.0
RIMM,2018-07-18,4.0
T,2018-07-18,0.0
TOPI,2018-07-18,2.0
TOTM,2018-07-18,0.0
WHWI,2018-07-18,0.0
WINR,2018-07-18,4.0
WIWR,2018-07-18,3.0
CVTP,2018-07-19,7.0
CVWF,2018-07-19,0.0
MTSR,2018-07-19,0.0
N,2018-07-19,6.0
P,2018-07-19,0.0
R,2018-07-19,2.0
RIMM,2018-07-19,14.0
T,2018-07-19,0.0
TOPI,2018-07-19,7.0
TOTM,2018-07-19,2.0
WHWI,2018-07-19,0.0
WINR,2018-07-19,1.0
WIWR,2018-07-19,0.0
CVTP,2018-07-20,9.0
CVWF,2018-07-20,0.0
MTSR,2018-07-20,0.0
N,2018-07-20,13.0
P,2018-07-20,0.0
R,2018-07-20,0.0
RIMM,2018-07-20,0.0
T,2018-07-20,0.0
TOPI,2018-07-20,9.0
TOTM,2018-07-20,0.0
WHWI,2018-07-20,0.0
WINR,2018-07-20,0.0
WIWR,2018-07-20,0.0
CVTP,2018-07-21,3.0
CVWF,2018-07-21,1.0
MTSR,2018-07-21,0.0
N,2018-07-21,2.0
P,2018-07-21,0.0
R,2018-07-21,2.0
RIMM,2018-07-21,43.0
T,2018-07-21,0.0
TOPI,2018-07-21,2.0
TOTM,2018-07-21,3.0
WHWI,2018-07-21,0.0
WINR,2018-07-21,3.0
WIWR,2018-07-21,0.0
CVTP,2018-07-22,3.0
CVWF,2018-07-22,2.0
MTSR,2018-07-22,0.0
N,2018-07-22,1.0
P,2018-07-22,0.0
R,2018-07-22,0.0
RIMM,2018-07-22,1.0
T,2018-07-22,0.0
TOPI,2018-07-22,6.0
TOTM,2018-07-22,0.0
WHWI,2018-07-22,0.0
WINR,2018-07-22,1.0
WIWR,2018-07-22,0.0
CVTP,2018-07-23,5.0
CVWF,2018-07-23,0.0
MTSR,2018-07-23,0.0
N,2018-07-23,1.0
P,2018-07-23,0.0
R,2018-07-23,0.0
RIMM,2018-07-23,26.0
T,2018-07-23,0.0
TOPI,2018-07-23,8.0
TOTM,2018-07-23,0.0
WHWI,2018-07-23,0.0
WINR,2018-07-23,3.0
WIWR,2018-07-23,0.0
CVTP,2018-07-24,4.0
CVWF,2018-07-24,0.0
MTSR,2018-07-24,0.0
N,2018-07-24,11.0
P,2018-07-24,0.0
R,2018-07-24,1.0
RIMM,2018-07-24,2.0
T,2018-07-24,0.0
TOPI,2018-07-24,5.0
TOTM,2018-07-24,1.0
WHWI,2018-07-24,0.0
WINR,2018-07-24,3.0
WIWR,2018-07-24,0.0
CVTP,2018-07-25,2.0
CVWF,2018-07-25,1.0
MTSR,2018-07-25,0.0
N,2018-07-25,5.0
P,2018-07-25,0.0
R,2018-07-25,0.0
RIMM,2018-07-25,3.0
T,2018-07-25,0.0
TOPI,2018-07-25,3.0
TOTM,2018-07-25,0.0
WHWI,2018-07-25,0.0
WINR,2018-07-25,1.0
WIWR,2018-07-25,0.0
CVTP,2018-07-26,7.0
CVWF,2018-07-26,0.0
MTSR,2018-07-26,0.0
N,2018-07-26,7.0
P,2018-07-26,0.0
R,2018-07-26,0.0
RIMM,2018-07-26,0.0
T,2018-07-26,0.0
TOPI,2018-07-26,7.0
TOTM,2018-07-26,0.0
WHWI,2018-07-26,0.0
WINR,2018-07-26,2.0
WIWR,2018-07-26,0.0
CVTP,2018-07-27,4.0
CVWF,2018-07-27,1.0
MTSR,2018-07-27,0.0
N,2018-07-27,1.0
P,2018-07-27,0.0
R,2018-07-27,0.0
RIMM,2018-07-27,0.0
T,2018-07-27,0.0
TOPI,2018-07-27,14.0
TOTM,2018-07-27,0.0
WHWI,2018-07-27,0.0
WINR,2018-07-27,3.0
WIWR,2018-07-27,0.0
CVTP,2018-07-28,6.0
CVWF,2018-07-28,1.0
MTSR,2018-07-28,0.0
N,2018-07-28,1.0
P,2018-07-28,0.0
R,2018-07-28,0.0
RIMM,2018-07-28,1.0
T,2018-07-28,0.0
TOPI,2018-07-28,6.0
TOTM,2018-07-28,0.0
WHWI,2018-07-28,0.0
WINR,2018-07-28,0.0
WIWR,2018-07-28,0.0
CVTP,2018-07-29,30.0
CVWF,2018-07-29,2.0
MTSR,2018-07-29,0.0
N,2018-07-29,9.0
P,2018-07-29,0.0
R,2018-07-29,0.0
RIMM,2018-07-29,0.0
T,2018-07-29,0.0
TOPI,2018-07-29,33.0
TOTM,2018-07-29,0.0
WHWI,2018-07-29,0.0
WINR,2018-07-29,0.0
WIWR,2018-07-29,0.0
CVTP,2018-07-30,6.0
CVWF,2018-07-30,1.0
MTSR,2018-07-30,0.0
N,2018-07-30,2.0
P,2018-07-30,0.0
R,2018-07-30,0.0
RIMM,2018-07-30,0.0
T,2018-07-30,0.0
TOPI,2018-07-30,7.0
TOTM,2018-07-30,0.0
WHWI,2018-07-30,0.0
WINR,2018-07-30,0.0
WIWR,2018-07-30,0.0
CVTP,2018-07-31,6.0
CVWF,2018-07-31,1.0
MTSR,2018-07-31,0.0
N,2018-07-31,4.0
P,2018-07-31,0.0
R,2018-07-31,0.0
RIMM,2018-07-31,39.0
T,2018-07-31,0.0
TOPI,2018-07-31,6.0
TOTM,2018-07-31,0.0
WHWI,2018-07-31,0.0
WINR,2018-07-31,1.0
WIWR,2018-07-31,3.0
CVTP,2018-08-01,11.0
CVWF,2018-08-01,3.0
MTSR,2018-08-01,1.0
N,2018-08-01,8.0
P,2018-08-01,1.0
R,2018-08-01,0.0
RIMM,2018-08-01,1.0
T,2018-08-01,0.0
TOPI,2018-08-01,11.0
TOTM,2018-08-01,0.0
WHWI,2018-08-01,0.0
WINR,2018-08-01,4.0
WIWR,2018-08-01,2.0
CVTP,2018-08-02,4.0
CVWF,2018-08-02,2.0
MTSR,2018-08-02,0.0
N,2018-08-02,6.0
P,2018-08-02,0.0
R,2018-08-02,0.0
RIMM,2018-08-02,0.0
T,2018-08-02,0.0
TOPI,2018-08-02,6.0
TOTM,2018-08-02,0.0
WHWI,2018-08-02,0.0
WINR,2018-08-02,2.0
WIWR,2018-08-02,0.0
CVTP,2018-08-03,6.0
CVWF,2018-08-03,3.0
MTSR,2018-08-03,0.0
N,2018-08-03,1.0
P,2018-08-03,0.0
R,2018-08-03,1.0
RIMM,2018-08-03,33.0
T,2018-08-03,0.0
TOPI,2018-08-03,5.0
TOTM,2018-08-03,0.0
WHWI,2018-08-03,0.0
WINR,2018-08-03,2.0
WIWR,2018-08-03,1.0
CVTP,2018-08-04,5.0
CVWF,2018-08-04,1.0
MTSR,2018-08-04,0.0
N,2018-08-04,17.0
P,2018-08-04,0.0
R,2018-08-04,1.0
RIMM,2018-08-04,56.0
T,2018-08-04,0.0
TOPI,2018-08-04,6.0
TOTM,2018-08-04,0.0
WHWI,2018-08-04,0.0
WINR,2018-08-04,1.0
WIWR,2018-08-04,1.0
CVTP,2018-08-05,1.0
CVWF,2018-08-05,1.0
MTSR,2018-08-05,0.0
N,2018-08-05,2.0
P,2018-08-05,0.0
R,2018-08-05,0.0
RIMM,2018-08-05,89.0
T,2018-08-05,0.0
TOPI,2018-08-05,1.0
TOTM,2018-08-05,1.0
WHWI,2018-08-05,0.0
WINR,2018-08-05,48.0
WIWR,2018-08-05,0.0
CVTP,2018-08-06,9.0
CVWF,2018-08-06,5.0
MTSR,2018-08-06,3.0
N,2018-08-06,11.0
P,2018-08-06,4.0
R,2018-08-06,0.0
RIMM,2018-08-06,3.0
T,2018-08-06,0.0
TOPI,2018-08-06,7.0
TOTM,2018-08-06,1.0
WHWI,2018-08-06,0.0
WINR,2018-08-06,6.0
WIWR,2018-08-06,3.0
CVTP,2018-08-07,4.0
CVWF,2018-08-07,1.0
MTSR,2018-08-07,0.0
N,2018-08-07,0.0
P,2018-08-07,0.0
R,2018-08-07,1.0
RIMM,2018-08-07,28.0
T,2018-08-07,0.0
TOPI,2018-08-07,3.0
TOTM,2018-08-07,0.0
WHWI,2018-08-07,0.0
WINR,2018-08-07,1.0
WIWR,2018-08-07,0.0
CVTP,2018-08-08,4.0
CVWF,2018-08-08,2.0
MTSR,2018-08-08,0.0
N,2018-08-08,2.0
P,2018-08-08,0.0
R,2018-08-08,0.0
RIMM,2018-08-08,2.0
T,2018-08-08,0.0
TOPI,2018-08-08,4.0
TOTM,2018-08-08,0.0
WHWI,2018-08-08,0.0
WINR,2018-08-08,42.0
WIWR,2018-08-08,0.0
CVTP,2018-08-09,4.0
CVWF,2018-08-09,1.0
MTSR,2018-08-09,0.0
N,2018-08-09,9.0
P,2018-08-09,0.0
R,2018-08-09,2.0
RIMM,2018-08-09,15.0
T,2018-08-09,0.0
TOPI,2018-08-09,6.0
TOTM,2018-08-09,0.0
WHWI,2018-08-09,0.0
WINR,2018-08-09,1.0
WIWR,2018-08-09,0.0
CVTP,2018-08-10,7.0
CVWF,2018-08-10,2.0
MTSR,2018-08-10,0.0
N,2018-08-10,2.0
P,2018-08-10,0.0
R,2018-08-10,1.0
RIMM,2018-08-10,5.0
T,2018-08-10,0.0
TOPI,2018-08-10,4.0
TOTM,2018-08-10,0.0
WHWI,2018-08-10,0.0
WINR,2018-08-10,0.0
WIWR,2018-08-10,0.0
CVTP,2018-08-11,5.0
CVWF,2018-08-11,1.0
MTSR,2018-08-11,0.0
N,2018-08-11,16.0
P,2018-08-11,0.0
R,2018-08-11,1.0
RIMM,2018-08-11,23.0
T,2018-08-11,0.0
TOPI,2018-08-11,3.0
TOTM,2018-08-11,2.0
WHWI,2018-08-11,0.0
WINR,2018-08-11,4.0
WIWR,2018-08-11,0.0
CVTP,2018-08-12,7.0
CVWF,2018-08-12,2.0
MTSR,2018-08-12,2.0
N,2018-08-12,7.0
P,2018-08-12,1.0
R,2018-08-12,2.0
RIMM,2018-08-12,28.0
T,2018-08-12,1.0
TOPI,2018-08-12,6.0
TOTM,2018-08-12,3.0
WHWI,2018-08-12,1.0
WINR,2018-08-12,4.0
WIWR,2018-08-12,1.0
CVTP,2018-08-13,5.0
CVWF,2018-08-13,1.0
MTSR,2018-08-13,0.0
N,2018-08-13,2.0
P,2018-08-13,0.0
R,2018-08-13,0.0
RIMM,2018-08-13,7.0
T,2018-08-13,0.0
TOPI,2018-08-13,4.0
TOTM,2018-08-13,1.0
WHWI,2018-08-13,0.0
WINR,2018-08-13,5.0
WIWR,2018-08-13,0.0
CVTP,2018-08-14,13.0
CVWF,2018-08-14,2.0
MTSR,2018-08-14,0.0
N,2018-08-14,7.0
P,2018-08-14,0.0
R,2018-08-14,0.0
RIMM,2018-08-14,5.0
T,2018-08-14,0.0
TOPI,2018-08-14,6.0
TOTM,2018-08-14,0.0
WHWI,2018-08-14,0.0
WINR,2018-08-14,4.0
WIWR,2018-08-14,0.0
CVTP,2018-08-15,7.0
CVWF,2018-08-15,1.0
MTSR,2018-08-15,0.0
N,2018-08-15,6.0
P,2018-08-15,1.0
R,2018-08-15,0.0
RIMM,2018-08-15,7.0
T,2018-08-15,0.0
TOPI,2018-08-15,4.0
TOTM,2018-08-15,0.0
WHWI,2018-08-15,0.0
WINR,2018-08-15,0.0
WIWR,2018-08-15,0.0
CVTP,2018-08-16,4.0
CVWF,2018-08-16,1.0
MTSR,2018-08-16,0.0
N,2018-08-16,4.0
P,2018-08-16,0.0
R,2018-08-16,0.0
RIMM,2018-08-16,8.0
T,2018-08-16,0.0
TOPI,2018-08-16,4.0
TOTM,2018-08-16,1.0
WHWI,2018-08-16,0.0
WINR,2018-08-16,3.0
WIWR,2018-08-16,0.0
CVTP,2018-08-17,5.0
CVWF,2018-08-17,1.0
MTSR,2018-08-17,0.0
N,2018-08-17,4.0
P,2018-08-17,0.0
R,2018-08-17,0.0
RIMM,2018-08-17,3.0
T,2018-08-17,0.0
TOPI,2018-08-17,5.0
TOTM,2018-08-17,1.0
WHWI,2018-08-17,0.0
WINR,2018-08-17,1.0
WIWR,2018-08-17,3.0
CVTP,2018-08-18,4.0
CVWF,2018-08-18,1.0
MTSR,2018-08-18,0.0
N,2018-08-18,7.0
P,2018-08-18,0.0
R,2018-08-18,0.0
RIMM,2018-08-18,13.0
T,2018-08-18,0.0
TOPI,2018-08-18,5.0
TOTM,2018-08-18,0.0
WHWI,2018-08-18,0.0
WINR,2018-08-18,2.0
WIWR,2018-08-18,0.0
CVTP,2018-08-19,5.0
CVWF,2018-08-19,0.0
MTSR,2018-08-19,0.0
N,2018-08-19,1.0
P,2018-08-19,0.0
R,2018-08-19,0.0
RIMM,2018-08-19,3.0
T,2018-08-19,0.0
TOPI,2018-08-19,4.0
TOTM,2018-08-19,0.0
WHWI,2018-08-19,0.0
WINR,2018-08-19,1.0
WIWR,2018-08-19,1.0
CVTP,2018-08-20,5.0
CVWF,2018-08-20,0.0
MTSR,2018-08-20,0.0
N,2018-08-20,3.0
P,2018-08-20,0.0
R,2018-08-20,0.0
RIMM,2018-08-20,0.0
T,2018-08-20,0.0
TOPI,2018-08-20,6.0
TOTM,2018-08-20,0.0
WHWI,2018-08-20,0.0
WINR,2018-08-20,2.0
WIWR,2018-08-20,0.0
CVTP,2018-08-21,15.0
CVWF,2018-08-21,0.0
MTSR,2018-08-21,0.0
N,2018-08-21,2.0
P,2018-08-21,0.0
R,2018-08-21,0.0
RIMM,2018-08-21,10.0
T,2018-08-21,0.0
TOPI,2018-08-21,16.0
TOTM,2018-08-21,2.0
WHWI,2018-08-21,0.0
WINR,2018-08-21,0.0
WIWR,2018-08-21,2.0
CVTP,2018-08-22,6.0
CVWF,2018-08-22,0.0
MTSR,2018-08-22,0.0
N,2018-08-22,3.0
P,2018-08-22,0.0
R,2018-08-22,0.0
RIMM,2018-08-22,1.0
T,2018-08-22,0.0
TOPI,2018-08-22,3.0
TOTM,2018-08-22,0.0
WHWI,2018-08-22,0.0
WINR,2018-08-22,3.0
WIWR,2018-08-22,1.0
CVTP,2018-08-23,6.0
CVWF,2018-08-23,0.0
MTSR,2018-08-23,0.0
N,2018-08-23,0.0
P,2018-08-23,0.0
R,2018-08-23,0.0
RIMM,2018-08-23,6.0
T,2018-08-23,0.0
TOPI,2018-08-23,6.0
TOTM,2018-08-23,0.0
WHWI,2018-08-23,0.0
WINR,2018-08-23,2.0
WIWR,2018-08-23,0.0
CVTP,2018-08-24,0.0
CVWF,2018-08-24,1.0
MTSR,2018-08-24,0.0
N,2018-08-24,10.0
P,2018-08-24,0.0
R,2018-08-24,0.0
RIMM,2018-08-24,1.0
T,2018-08-24,0.0
TOPI,2018-08-24,1.0
TOTM,2018-08-24,0.0
WHWI,2018-08-24,0.0
WINR,2018-08-24,2.0
WIWR,2018-08-24,0.0
CVTP,2018-08-25,0.0
CVWF,2018-08-25,0.0
MTSR,2018-08-25,0.0
N,2018-08-25,15.0
P,2018-08-25,0.0
R,2018-08-25,0.0
RIMM,2018-08-25,1.0
T,2018-08-25,0.0
TOPI,2018-08-25,0.0
TOTM,2018-08-25,0.0
WHWI,2018-08-25,0.0
WINR,2018-08-25,2.0
WIWR,2018-08-25,0.0
CVTP,2018-08-26,0.0
CVWF,2018-08-26,1.0
MTSR,2018-08-26,0.0
N,2018-08-26,4.0
P,2018-08-26,0.0
R,2018-08-26,0.0
RIMM,2018-08-26,37.0
T,2018-08-26,0.0
TOPI,2018-08-26,1.0
TOTM,2018-08-26,0.0
WHWI,2018-08-26,0.0
WINR,2018-08-26,2.0
WIWR,2018-08-26,0.0
CVTP,2018-08-27,0.0
CVWF,2018-08-27,0.0
MTSR,2018-08-27,0.0
N,2018-08-27,18.0
P,2018-08-27,0.0
R,2018-08-27,0.0
RIMM,2018-08-27,5.0
T,2018-08-27,0.0
TOPI,2018-08-27,1.0
TOTM,2018-08-27,0.0
WHWI,2018-08-27,0.0
WINR,2018-08-27,4.0
WIWR,2018-08-27,0.0
CVTP,2018-08-28,0.0
CVWF,2018-08-28,0.0
MTSR,2018-08-28,0.0
N,2018-08-28,6.0
P,2018-08-28,0.0
R,2018-08-28,0.0
RIMM,2018-08-28,0.0
T,2018-08-28,0.0
TOPI,2018-08-28,1.0
TOTM,2018-08-28,0.0
WHWI,2018-08-28,0.0
WINR,2018-08-28,3.0
WIWR,2018-08-28,0.0
CVTP,2018-08-29,0.0
CVWF,2018-08-29,0.0
MTSR,2018-08-29,0.0
N,2018-08-29,2.0
P,2018-08-29,0.0
R,2018-08-29,0.0
RIMM,2018-08-29,55.0
T,2018-08-29,0.0
TOPI,2018-08-29,1.0
TOTM,2018-08-29,0.0
WHWI,2018-08-29,0.0
WINR,2018-08-29,3.0
WIWR,2018-08-29,14.0
CVTP,2018-08-30,0.0
CVWF,2018-08-30,0.0
MTSR,2018-08-30,0.0
N,2018-08-30,14.0
P,2018-08-30,0.0
R,2018-08-30,0.0
RIMM,2018-08-30,109.0
T,2018-08-30,0.0
TOPI,2018-08-30,1.0
TOTM,2018-08-30,0.0
WHWI,2018-08-30,0.0
WINR,2018-08-30,3.0
WIWR,2018-08-30,7.0
CVTP,2018-08-31,0.0
CVWF,2018-08-31,0.0
MTSR,2018-08-31,0.0
N,2018-08-31,4.0
P,2018-08-31,0.0
R,2018-08-31,0.0
RIMM,2018-08-31,143.0
T,2018-08-31,0.0
TOPI,2018-08-31,1.0
TOTM,2018-08-31,0.0
WHWI,2018-08-31,0.0
WINR,2018-08-31,2.0
WIWR,2018-08-31,0.0
CVTP,2018-09-01,0.0
CVWF,2018-09-01,0.0
MTSR,2018-09-01,0.0
N,2018-09-01,1.0
P,2018-09-01,0.0
R,2018-09-01,0.0
T,2018-09-01,0.0
TOPI,2018-09-01,1.0
TOTM,2018-09-01,0.0
WHWI,2018-09-01,0.0
WINR,2018-09-01,2.0
WIWR,2018-09-01,0.0
CVTP,2018-09-02,0.0
CVWF,2018-09-02,0.0
MTSR,2018-09-02,0.0
N,2018-09-02,9.0
P,2018-09-02,0.0
R,2018-09-02,0.0
T,2018-09-02,0.0
TOPI,2018-09-02,1.0
TOTM,2018-09-02,0.0
WHWI,2018-09-02,0.0
WINR,2018-09-02,4.0
WIWR,2018-09-02,1.0
CVTP,2018-09-03,0.0
CVWF,2018-09-03,0.0
MTSR,2018-09-03,0.0
N,2018-09-03,3.0
P,2018-09-03,0.0
R,2018-09-03,0.0
RIMM,2018-09-03,45.0
T,2018-09-03,0.0
TOPI,2018-09-03,1.0
TOTM,2018-09-03,0.0
WHWI,2018-09-03,0.0
WINR,2018-09-03,3.0
WIWR,2018-09-03,1.0
CVTP,2018-09-04,0.0
CVWF,2018-09-04,0.0
MTSR,2018-09-04,0.0
N,2018-09-04,7.0
P,2018-09-04,0.0
R,2018-09-04,0.0
RIMM,2018-09-04,3.0
T,2018-09-04,0.0
TOPI,2018-09-04,1.0
TOTM,2018-09-04,0.0
WHWI,2018-09-04,0.0
WINR,2018-09-04,2.0
WIWR,2018-09-04,0.0
CVTP,2018-09-05,0.0
CVWF,2018-09-05,0.0
MTSR,2018-09-05,0.0
N,2018-09-05,2.0
P,2018-09-05,0.0
R,2018-09-05,1.0
RIMM,2018-09-05,44.0
T,2018-09-05,1.0
TOPI,2018-09-05,2.0
TOTM,2018-09-05,1.0
WHWI,2018-09-05,1.0
WINR,2018-09-05,1.0
WIWR,2018-09-05,0.0
CVTP,2018-09-06,0.0
CVWF,2018-09-06,0.0
MTSR,2018-09-06,0.0
N,2018-09-06,2.0
P,2018-09-06,0.0
R,2018-09-06,0.0
T,2018-09-06,0.0
TOPI,2018-09-06,1.0
TOTM,2018-09-06,0.0
WHWI,2018-09-06,0.0
WINR,2018-09-06,2.0
WIWR,2018-09-06,0.0
CVTP,2018-09-07,0.0
CVWF,2018-09-07,0.0
MTSR,2018-09-07,0.0
N,2018-09-07,6.0
P,2018-09-07,0.0
R,2018-09-07,0.0
T,2018-09-07,0.0
TOPI,2018-09-07,1.0
TOTM,2018-09-07,0.0
WHWI,2018-09-07,0.0
WINR,2018-09-07,4.0
WIWR,2018-09-07,1.0
CVTP,2018-09-08,0.0
CVWF,2018-09-08,0.0
MTSR,2018-09-08,0.0
N,2018-09-08,0.0
P,2018-09-08,0.0
R,2018-09-08,1.0
RIMM,2018-09-08,30.0
T,2018-09-08,0.0
TOPI,2018-09-08,1.0
TOTM,2018-09-08,2.0
WHWI,2018-09-08,0.0
WINR,2018-09-08,1.0
WIWR,2018-09-08,1.0
CVTP,2018-09-09,0.0
CVWF,2018-09-09,0.0
MTSR,2018-09-09,0.0
N,2018-09-09,4.0
P,2018-09-09,0.0
R,2018-09-09,1.0
RIMM,2018-09-09,125.0
T,2018-09-09,0.0
TOPI,2018-09-09,1.0
TOTM,2018-09-09,1.0
WHWI,2018-09-09,0.0
WINR,2018-09-09,1.0
WIWR,2018-09-09,0.0
CVTP,2018-09-10,0.0
CVWF,2018-09-10,0.0
MTSR,2018-09-10,0.0
N,2018-09-10,16.0
P,2018-09-10,0.0
R,2018-09-10,0.0
RIMM,2018-09-10,60.0
T,2018-09-10,0.0
TOPI,2018-09-10,1.0
TOTM,2018-09-10,0.0
WHWI,2018-09-10,0.0
WINR,2018-09-10,1.0
WIWR,2018-09-10,0.0
CVTP,2018-09-11,0.0
CVWF,2018-09-11,0.0
MTSR,2018-09-11,0.0
N,2018-09-11,17.0
P,2018-09-11,0.0
R,2018-09-11,0.0
RIMM,2018-09-11,22.0
T,2018-09-11,0.0
TOPI,2018-09-11,1.0
TOTM,2018-09-11,0.0
WHWI,2018-09-11,0.0
WINR,2018-09-11,12.0
WIWR,2018-09-11,0.0
CVTP,2018-09-12,0.0
CVWF,2018-09-12,0.0
MTSR,2018-09-12,0.0
N,2018-09-12,1.0
P,2018-09-12,0.0
R,2018-09-12,0.0
RIMM,2018-09-12,0.0
T,2018-09-12,0.0
TOPI,2018-09-12,1.0
TOTM,2018-09-12,0.0
WHWI,2018-09-12,0.0
WINR,2018-09-12,0.0
WIWR,2018-09-12,0.0
CVTP,2018-09-13,0.0
CVWF,2018-09-13,1.0
MTSR,2018-09-13,0.0
N,2018-09-13,9.0
P,2018-09-13,1.0
R,2018-09-13,1.0
RIMM,2018-09-13,0.0
T,2018-09-13,0.0
TOPI,2018-09-13,1.0
TOTM,2018-09-13,0.0
WHWI,2018-09-13,0.0
WINR,2018-09-13,2.0
WIWR,2018-09-13,0.0
CVTP,2018-09-14,0.0
CVWF,2018-09-14,0.0
MTSR,2018-09-14,0.0
N,2018-09-14,10.0
P,2018-09-14,0.0
R,2018-09-14,0.0
RIMM,2018-09-14,0.0
T,2018-09-14,0.0
TOPI,2018-09-14,1.0
TOTM,2018-09-14,0.0
WHWI,2018-09-14,0.0
WINR,2018-09-14,5.0
WIWR,2018-09-14,0.0
CVTP,2018-09-15,1.0
CVWF,2018-09-15,1.0
MTSR,2018-09-15,1.0
N,2018-09-15,2.0
P,2018-09-15,1.0
R,2018-09-15,0.0
RIMM,2018-09-15,0.0
T,2018-09-15,0.0
TOPI,2018-09-15,2.0
TOTM,2018-09-15,1.0
WHWI,2018-09-15,0.0
WINR,2018-09-15,5.0
WIWR,2018-09-15,0.0
CVTP,2018-09-16,0.0
CVWF,2018-09-16,1.0
MTSR,2018-09-16,0.0
N,2018-09-16,9.0
P,2018-09-16,0.0
R,2018-09-16,0.0
RIMM,2018-09-16,3.0
T,2018-09-16,0.0
TOPI,2018-09-16,1.0
TOTM,2018-09-16,0.0
WHWI,2018-09-16,0.0
WINR,2018-09-16,3.0
WIWR,2018-09-16,0.0
CVTP,2018-09-17,0.0
CVWF,2018-09-17,0.0
MTSR,2018-09-17,0.0
N,2018-09-17,1.0
P,2018-09-17,0.0
R,2018-09-17,0.0
RIMM,2018-09-17,1.0
T,2018-09-17,0.0
TOPI,2018-09-17,1.0
TOTM,2018-09-17,0.0
WHWI,2018-09-17,0.0
WINR,2018-09-17,5.0
WIWR,2018-09-17,7.0
CVTP,2018-09-18,0.0
CVWF,2018-09-18,1.0
MTSR,2018-09-18,0.0
N,2018-09-18,5.0
P,2018-09-18,0.0
R,2018-09-18,0.0
RIMM,2018-09-18,2.0
T,2018-09-18,0.0
TOPI,2018-09-18,1.0
TOTM,2018-09-18,0.0
WHWI,2018-09-18,0.0
WINR,2018-09-18,1.0
WIWR,2018-09-18,10.0
CVTP,2018-09-19,0.0
CVWF,2018-09-19,5.0
MTSR,2018-09-19,0.0
N,2018-09-19,2.0
P,2018-09-19,0.0
R,2018-09-19,0.0
RIMM,2018-09-19,1.0
T,2018-09-19,0.0
TOPI,2018-09-19,1.0
TOTM,2018-09-19,0.0
WHWI,2018-09-19,0.0
WINR,2018-09-19,1.0
WIWR,2018-09-19,13.0
CVTP,2018-09-20,0.0
CVWF,2018-09-20,1.0
MTSR,2018-09-20,0.0
N,2018-09-20,10.0
P,2018-09-20,0.0
R,2018-09-20,0.0
RIMM,2018-09-20,1.0
T,2018-09-20,0.0
TOPI,2018-09-20,1.0
TOTM,2018-09-20,0.0
WHWI,2018-09-20,0.0
WINR,2018-09-20,1.0
WIWR,2018-09-20,0.0
CVTP,2018-09-21,1.0
CVWF,2018-09-21,1.0
MTSR,2018-09-21,1.0
N,2018-09-21,3.0
P,2018-09-21,1.0
R,2018-09-21,0.0
RIMM,2018-09-21,1.0
T,2018-09-21,0.0
TOPI,2018-09-21,1.0
TOTM,2018-09-21,0.0
WHWI,2018-09-21,0.0
WINR,2018-09-21,4.0
WIWR,2018-09-21,2.0
CVTP,2018-09-22,0.0
CVWF,2018-09-22,0.0
MTSR,2018-09-22,0.0
N,2018-09-22,1.0
P,2018-09-22,0.0
R,2018-09-22,0.0
RIMM,2018-09-22,29.0
T,2018-09-22,0.0
TOPI,2018-09-22,1.0
TOTM,2018-09-22,0.0
WHWI,2018-09-22,0.0
WINR,2018-09-22,2.0
WIWR,2018-09-22,0.0
CVTP,2018-09-23,0.0
CVWF,2018-09-23,0.0
MTSR,2018-09-23,0.0
N,2018-09-23,8.0
P,2018-09-23,0.0
R,2018-09-23,0.0
RIMM,2018-09-23,40.0
T,2018-09-23,0.0
TOPI,2018-09-23,1.0
TOTM,2018-09-23,0.0
WHWI,2018-09-23,0.0
WINR,2018-09-23,3.0
WIWR,2018-09-23,0.0
CVTP,2018-09-24,0.0
CVWF,2018-09-24,0.0
MTSR,2018-09-24,0.0
N,2018-09-24,6.0
P,2018-09-24,0.0
R,2018-09-24,0.0
RIMM,2018-09-24,3.0
T,2018-09-24,0.0
TOPI,2018-09-24,1.0
TOTM,2018-09-24,1.0
WHWI,2018-09-24,0.0
WINR,2018-09-24,2.0
WIWR,2018-09-24,3.0
CVTP,2018-09-25,0.0
CVWF,2018-09-25,0.0
MTSR,2018-09-25,0.0
N,2018-09-25,1.0
P,2018-09-25,0.0
R,2018-09-25,0.0
RIMM,2018-09-25,13.0
T,2018-09-25,0.0
TOPI,2018-09-25,1.0
TOTM,2018-09-25,0.0
WHWI,2018-09-25,0.0
WINR,2018-09-25,1.0
WIWR,2018-09-25,0.0
CVTP,2018-09-26,0.0
CVWF,2018-09-26,0.0
MTSR,2018-09-26,0.0
N,2018-09-26,5.0
P,2018-09-26,0.0
R,2018-09-26,4.0
RIMM,2018-09-26,69.0
T,2018-09-26,4.0
TOPI,2018-09-26,5.0
TOTM,2018-09-26,4.0
WHWI,2018-09-26,4.0
WINR,2018-09-26,2.0
WIWR,2018-09-26,0.0
CVTP,2018-09-27,0.0
CVWF,2018-09-27,0.0
MTSR,2018-09-27,0.0
N,2018-09-27,7.0
P,2018-09-27,0.0
R,2018-09-27,0.0
RIMM,2018-09-27,70.0
T,2018-09-27,0.0
TOPI,2018-09-27,1.0
TOTM,2018-09-27,0.0
WHWI,2018-09-27,0.0
WINR,2018-09-27,2.0
WIWR,2018-09-27,0.0
CVTP,2018-09-28,0.0
CVWF,2018-09-28,0.0
MTSR,2018-09-28,0.0
N,2018-09-28,6.0
P,2018-09-28,0.0
R,2018-09-28,0.0
RIMM,2018-09-28,67.0
T,2018-09-28,0.0
TOPI,2018-09-28,1.0
TOTM,2018-09-28,0.0
WHWI,2018-09-28,0.0
WINR,2018-09-28,2.0
WIWR,2018-09-28,0.0
CVTP,2018-09-29,0.0
CVWF,2018-09-29,0.0
MTSR,2018-09-29,0.0
N,2018-09-29,15.0
P,2018-09-29,0.0
R,2018-09-29,0.0
RIMM,2018-09-29,45.0
T,2018-09-29,0.0
TOPI,2018-09-29,1.0
TOTM,2018-09-29,0.0
WHWI,2018-09-29,0.0
WINR,2018-09-29,0.0
WIWR,2018-09-29,0.0
CVTP,2018-09-30,0.0
CVWF,2018-09-30,0.0
MTSR,2018-09-30,0.0
N,2018-09-30,3.0
P,2018-09-30,0.0
R,2018-09-30,0.0
RIMM,2018-09-30,75.0
T,2018-09-30,0.0
TOPI,2018-09-30,1.0
TOTM,2018-09-30,0.0
WHWI,2018-09-30,0.0
WINR,2018-09-30,5.0
WIWR,2018-09-30,0.0
CVTP,2018-10-01,0.0
CVWF,2018-10-01,0.0
MTSR,2018-10-01,0.0
N,2018-10-01,12.0
P,2018-10-01,0.0
R,2018-10-01,0.0
RIMM,2018-10-01,54.0
T,2018-10-01,0.0
TOPI,2018-10-01,1.0
TOTM,2018-10-01,0.0
WHWI,2018-10-01,0.0
WINR,2018-10-01,1.0
WIWR,2018-10-01,4.0
CVTP,2018-10-02,0.0
CVWF,2018-10-02,0.0
MTSR,2018-10-02,0.0
N,2018-10-02,0.0
P,2018-10-02,0.0
R,2018-10-02,0.0
RIMM,2018-10-02,52.0
T,2018-10-02,0.0
TOPI,2018-10-02,0.0
TOTM,2018-10-02,0.0
WHWI,2018-10-02,0.0
WINR,2018-10-02,3.0
WIWR,2018-10-02,1.0
CVTP,2018-10-03,0.0
CVWF,2018-10-03,0.0
MTSR,2018-10-03,0.0
N,2018-10-03,6.0
P,2018-10-03,0.0
R,2018-10-03,0.0
RIMM,2018-10-03,0.0
T,2018-10-03,0.0
TOPI,2018-10-03,0.0
TOTM,2018-10-03,0.0
WHWI,2018-10-03,0.0
WINR,2018-10-03,0.0
WIWR,2018-10-03,0.0
CVTP,2018-10-04,0.0
CVWF,2018-10-04,0.0
MTSR,2018-10-04,0.0
N,2018-10-04,1.0
P,2018-10-04,0.0
R,2018-10-04,0.0
RIMM,2018-10-04,10.0
T,2018-10-04,0.0
TOPI,2018-10-04,0.0
TOTM,2018-10-04,0.0
WHWI,2018-10-04,0.0
WINR,2018-10-04,1.0
WIWR,2018-10-04,2.0
CVTP,2018-10-05,0.0
CVWF,2018-10-05,0.0
MTSR,2018-10-05,0.0
N,2018-10-05,3.0
P,2018-10-05,0.0
R,2018-10-05,0.0
RIMM,2018-10-05,13.0
T,2018-10-05,0.0
TOPI,2018-10-05,0.0
TOTM,2018-10-05,0.0
WHWI,2018-10-05,0.0
WINR,2018-10-05,3.0
WIWR,2018-10-05,0.0
CVTP,2018-10-06,0.0
CVWF,2018-10-06,0.0
MTSR,2018-10-06,0.0
N,2018-10-06,3.0
P,2018-10-06,0.0
R,2018-10-06,0.0
RIMM,2018-10-06,23.0
T,2018-10-06,0.0
TOPI,2018-10-06,0.0
TOTM,2018-10-06,0.0
WHWI,2018-10-06,0.0
WINR,2018-10-06,0.0
WIWR,2018-10-06,0.0
CVTP,2018-10-07,0.0
CVWF,2018-10-07,1.0
MTSR,2018-10-07,0.0
N,2018-10-07,1.0
P,2018-10-07,0.0
R,2018-10-07,0.0
RIMM,2018-10-07,18.0
T,2018-10-07,0.0
TOPI,2018-10-07,0.0
TOTM,2018-10-07,0.0
WHWI,2018-10-07,0.0
WINR,2018-10-07,3.0
WIWR,2018-10-07,5.0
CVTP,2018-10-08,0.0
CVWF,2018-10-08,0.0
MTSR,2018-10-08,0.0
N,2018-10-08,7.0
P,2018-10-08,0.0
R,2018-10-08,0.0
RIMM,2018-10-08,2.0
T,2018-10-08,0.0
TOPI,2018-10-08,0.0
TOTM,2018-10-08,0.0
WHWI,2018-10-08,0.0
WINR,2018-10-08,2.0
WIWR,2018-10-08,3.0
CVTP,2018-10-09,0.0
CVWF,2018-10-09,0.0
MTSR,2018-10-09,0.0
N,2018-10-09,0.0
P,2018-10-09,0.0
R,2018-10-09,0.0
RIMM,2018-10-09,63.0
T,2018-10-09,0.0
TOPI,2018-10-09,0.0
TOTM,2018-10-09,0.0
WHWI,2018-10-09,0.0
WINR,2018-10-09,1.0
WIWR,2018-10-09,0.0
CVTP,2018-10-10,0.0
CVWF,2018-10-10,0.0
MTSR,2018-10-10,0.0
N,2018-10-10,4.0
P,2018-10-10,0.0
R,2018-10-10,0.0
RIMM,2018-10-10,9.0
T,2018-10-10,0.0
TOPI,2018-10-10,0.0
TOTM,2018-10-10,0.0
WHWI,2018-10-10,0.0
WINR,2018-10-10,3.0
WIWR,2018-10-10,0.0
CVTP,2018-10-11,0.0
CVWF,2018-10-11,0.0
MTSR,2018-10-11,0.0
N,2018-10-11,3.0
P,2018-10-11,0.0
R,2018-10-11,0.0
RIMM,2018-10-11,0.0
T,2018-10-11,0.0
TOPI,2018-10-11,0.0
TOTM,2018-10-11,0.0
WHWI,2018-10-11,0.0
WINR,2018-10-11,0.0
WIWR,2018-10-11,6.0
CVTP,2018-10-12,0.0
CVWF,2018-10-12,1.0
MTSR,2018-10-12,0.0
N,2018-10-12,2.0
P,2018-10-12,0.0
R,2018-10-12,0.0
RIMM,2018-10-12,19.0
T,2018-10-12,0.0
TOPI,2018-10-12,0.0
TOTM,2018-10-12,0.0
WHWI,2018-10-12,0.0
WINR,2018-10-12,2.0
WIWR,2018-10-12,1.0
CVTP,2018-10-13,0.0
CVWF,2018-10-13,0.0
MTSR,2018-10-13,0.0
N,2018-10-13,9.0
P,2018-10-13,0.0
R,2018-10-13,0.0
RIMM,2018-10-13,37.0
T,2018-10-13,0.0
TOPI,2018-10-13,0.0
TOTM,2018-10-13,1.0
WHWI,2018-10-13,0.0
WINR,2018-10-13,2.0
WIWR,2018-10-13,0.0
CVTP,2018-10-14,0.0
CVWF,2018-10-14,0.0
MTSR,2018-10-14,0.0
N,2018-10-14,2.0
P,2018-10-14,0.0
R,2018-10-14,0.0
RIMM,2018-10-14,1.0
T,2018-10-14,0.0
TOPI,2018-10-14,0.0
TOTM,2018-10-14,0.0
WHWI,2018-10-14,0.0
WINR,2018-10-14,1.0
WIWR,2018-10-14,0.0
CVTP,2018-10-15,0.0
CVWF,2018-10-15,2.0
MTSR,2018-10-15,0.0
N,2018-10-15,22.0
P,2018-10-15,0.0
R,2018-10-15,0.0
RIMM,2018-10-15,1.0
T,2018-10-15,0.0
TOPI,2018-10-15,0.0
TOTM,2018-10-15,0.0
WHWI,2018-10-15,0.0
WINR,2018-10-15,2.0
WIWR,2018-10-15,0.0
CVTP,2018-10-16,0.0
CVWF,2018-10-16,0.0
MTSR,2018-10-16,0.0
N,2018-10-16,11.0
P,2018-10-16,0.0
R,2018-10-16,0.0
RIMM,2018-10-16,13.0
T,2018-10-16,0.0
TOPI,2018-10-16,0.0
TOTM,2018-10-16,0.0
WHWI,2018-10-16,0.0
WINR,2018-10-16,3.0
WIWR,2018-10-16,0.0
CVTP,2018-10-17,0.0
CVWF,2018-10-17,0.0
MTSR,2018-10-17,0.0
N,2018-10-17,9.0
P,2018-10-17,0.0
R,2018-10-17,0.0
RIMM,2018-10-17,0.0
T,2018-10-17,0.0
TOPI,2018-10-17,0.0
TOTM,2018-10-17,0.0
WHWI,2018-10-17,0.0
WINR,2018-10-17,0.0
WIWR,2018-10-17,0.0
CVTP,2018-10-18,0.0
CVWF,2018-10-18,0.0
MTSR,2018-10-18,0.0
N,2018-10-18,3.0
P,2018-10-18,0.0
R,2018-10-18,0.0
RIMM,2018-10-18,5.0
T,2018-10-18,0.0
TOPI,2018-10-18,0.0
TOTM,2018-10-18,0.0
WHWI,2018-10-18,0.0
WINR,2018-10-18,3.0
WIWR,2018-10-18,0.0
CVTP,2018-10-19,0.0
CVWF,2018-10-19,5.0
MTSR,2018-10-19,0.0
N,2018-10-19,3.0
P,2018-10-19,0.0
R,2018-10-19,0.0
RIMM,2018-10-19,0.0
T,2018-10-19,0.0
TOPI,2018-10-19,0.0
TOTM,2018-10-19,0.0
WHWI,2018-10-19,0.0
WINR,2018-10-19,4.0
WIWR,2018-10-19,0.0
CVTP,2018-10-20,0.0
CVWF,2018-10-20,16.0
MTSR,2018-10-20,0.0
N,2018-10-20,7.0
P,2018-10-20,0.0
R,2018-10-20,0.0
RIMM,2018-10-20,6.0
T,2018-10-20,0.0
TOPI,2018-10-20,0.0
TOTM,2018-10-20,0.0
WHWI,2018-10-20,0.0
WINR,2018-10-20,2.0
WIWR,2018-10-20,3.0
CVTP,2018-10-21,0.0
CVWF,2018-10-21,15.0
MTSR,2018-10-21,0.0
N,2018-10-21,2.0
P,2018-10-21,0.0
R,2018-10-21,0.0
RIMM,2018-10-21,0.0
T,2018-10-21,0.0
TOPI,2018-10-21,0.0
TOTM,2018-10-21,0.0
WHWI,2018-10-21,0.0
WINR,2018-10-21,2.0
WIWR,2018-10-21,11.0
CVTP,2018-10-22,0.0
CVWF,2018-10-22,0.0
MTSR,2018-10-22,0.0
N,2018-10-22,2.0
P,2018-10-22,0.0
R,2018-10-22,0.0
RIMM,2018-10-22,0.0
T,2018-10-22,0.0
TOPI,2018-10-22,0.0
TOTM,2018-10-22,0.0
WHWI,2018-10-22,0.0
WINR,2018-10-22,1.0
WIWR,2018-10-22,1.0
CVTP,2018-10-23,0.0
CVWF,2018-10-23,3.0
MTSR,2018-10-23,0.0
N,2018-10-23,8.0
P,2018-10-23,0.0
R,2018-10-23,0.0
RIMM,2018-10-23,6.0
T,2018-10-23,0.0
TOPI,2018-10-23,0.0
TOTM,2018-10-23,0.0
WHWI,2018-10-23,0.0
WINR,2018-10-23,3.0
WIWR,2018-10-23,7.0
CVTP,2018-10-24,1.0
CVWF,2018-10-24,1.0
MTSR,2018-10-24,1.0
N,2018-10-24,7.0
P,2018-10-24,1.0
R,2018-10-24,0.0
RIMM,2018-10-24,2.0
T,2018-10-24,0.0
TOPI,2018-10-24,0.0
TOTM,2018-10-24,0.0
WHWI,2018-10-24,0.0
WINR,2018-10-24,3.0
WIWR,2018-10-24,1.0
CVTP,2018-10-25,0.0
CVWF,2018-10-25,0.0
MTSR,2018-10-25,0.0
N,2018-10-25,1.0
P,2018-10-25,0.0
R,2018-10-25,0.0
RIMM,2018-10-25,0.0
T,2018-10-25,0.0
TOPI,2018-10-25,0.0
TOTM,2018-10-25,0.0
WHWI,2018-10-25,0.0
WINR,2018-10-25,2.0
WIWR,2018-10-25,2.0
CVTP,2018-10-26,0.0
CVWF,2018-10-26,0.0
MTSR,2018-10-26,0.0
N,2018-10-26,6.0
P,2018-10-26,0.0
R,2018-10-26,0.0
RIMM,2018-10-26,13.0
T,2018-10-26,0.0
TOPI,2018-10-26,0.0
TOTM,2018-10-26,0.0
WHWI,2018-10-26,0.0
WINR,2018-10-26,2.0
WIWR,2018-10-26,15.0
CVTP,2018-10-27,0.0
CVWF,2018-10-27,0.0
MTSR,2018-10-27,0.0
N,2018-10-27,2.0
P,2018-10-27,0.0
R,2018-10-27,0.0
RIMM,2018-10-27,7.0
T,2018-10-27,0.0
TOPI,2018-10-27,0.0
TOTM,2018-10-27,0.0
WHWI,2018-10-27,0.0
WINR,2018-10-27,2.0
WIWR,2018-10-27,5.0
CVTP,2018-10-28,0.0
CVWF,2018-10-28,0.0
MTSR,2018-10-28,0.0
N,2018-10-28,8.0
P,2018-10-28,0.0
R,2018-10-28,0.0
RIMM,2018-10-28,9.0
T,2018-10-28,0.0
TOPI,2018-10-28,0.0
TOTM,2018-10-28,0.0
WHWI,2018-10-28,0.0
WINR,2018-10-28,4.0
WIWR,2018-10-28,0.0
CVTP,2018-10-29,0.0
CVWF,2018-10-29,0.0
MTSR,2018-10-29,0.0
N,2018-10-29,5.0
P,2018-10-29,0.0
R,2018-10-29,0.0
RIMM,2018-10-29,1.0
T,2018-10-29,0.0
TOPI,2018-10-29,0.0
TOTM,2018-10-29,1.0
WHWI,2018-10-29,0.0
WINR,2018-10-29,4.0
WIWR,2018-10-29,0.0
CVTP,2018-10-30,0.0
CVWF,2018-10-30,0.0
MTSR,2018-10-30,0.0
N,2018-10-30,1.0
P,2018-10-30,0.0
R,2018-10-30,0.0
RIMM,2018-10-30,13.0
T,2018-10-30,0.0
TOPI,2018-10-30,0.0
TOTM,2018-10-30,0.0
WHWI,2018-10-30,0.0
WINR,2018-10-30,0.0
WIWR,2018-10-30,4.0
CVTP,2018-10-31,0.0
CVWF,2018-10-31,0.0
MTSR,2018-10-31,0.0
N,2018-10-31,11.0
P,2018-10-31,0.0
R,2018-10-31,0.0
RIMM,2018-10-31,23.0
T,2018-10-31,0.0
TOPI,2018-10-31,0.0
TOTM,2018-10-31,0.0
WHWI,2018-10-31,0.0
WINR,2018-10-31,3.0
WIWR,2018-10-31,0.0
CVTP,2018-11-01,0.0
CVWF,2018-11-01,1.0
MTSR,2018-11-01,0.0
N,2018-11-01,3.0
P,2018-11-01,0.0
R,2018-11-01,0.0
RIMM,2018-11-01,2.0
T,2018-11-01,0.0
TOPI,2018-11-01,0.0
TOTM,2018-11-01,0.0
WHWI,2018-11-01,0.0
WINR,2018-11-01,5.0
WIWR,2018-11-01,1.0
CVTP,2018-11-02,0.0
CVWF,2018-11-02,3.0
MTSR,2018-11-02,2.0
N,2018-11-02,1.0
P,2018-11-02,0.0
R,2018-11-02,0.0
RIMM,2018-11-02,0.0
T,2018-11-02,0.0
TOPI,2018-11-02,0.0
TOTM,2018-11-02,0.0
WHWI,2018-11-02,0.0
WINR,2018-11-02,3.0
WIWR,2018-11-02,1.0
CVTP,2018-11-03,0.0
CVWF,2018-11-03,0.0
MTSR,2018-11-03,0.0
N,2018-11-03,4.0
P,2018-11-03,0.0
R,2018-11-03,0.0
RIMM,2018-11-03,17.0
T,2018-11-03,0.0
TOPI,2018-11-03,0.0
TOTM,2018-11-03,0.0
WHWI,2018-11-03,0.0
WINR,2018-11-03,2.0
WIWR,2018-11-03,4.0
CVTP,2018-11-04,0.0
CVWF,2018-11-04,0.0
MTSR,2018-11-04,0.0
N,2018-11-04,4.0
P,2018-11-04,0.0
R,2018-11-04,0.0
RIMM,2018-11-04,74.0
T,2018-11-04,0.0
TOPI,2018-11-04,0.0
TOTM,2018-11-04,0.0
WHWI,2018-11-04,0.0
WINR,2018-11-04,2.0
WIWR,2018-11-04,0.0
CVTP,2018-11-05,1.0
CVWF,2018-11-05,1.0
MTSR,2018-11-05,1.0
N,2018-11-05,10.0
P,2018-11-05,1.0
R,2018-11-05,0.0
RIMM,2018-11-05,87.0
T,2018-11-05,0.0
TOPI,2018-11-05,0.0
TOTM,2018-11-05,0.0
WHWI,2018-11-05,0.0
WINR,2018-11-05,5.0
WIWR,2018-11-05,1.0
CVTP,2018-11-06,0.0
CVWF,2018-11-06,1.0
MTSR,2018-11-06,0.0
N,2018-11-06,1.0
P,2018-11-06,0.0
R,2018-11-06,0.0
RIMM,2018-11-06,54.0
T,2018-11-06,0.0
TOPI,2018-11-06,0.0
TOTM,2018-11-06,0.0
WHWI,2018-11-06,0.0
WINR,2018-11-06,1.0
WIWR,2018-11-06,0.0
CVTP,2018-11-07,0.0
CVWF,2018-11-07,0.0
MTSR,2018-11-07,0.0
N,2018-11-07,2.0
P,2018-11-07,0.0
R,2018-11-07,0.0
RIMM,2018-11-07,0.0
T,2018-11-07,0.0
TOPI,2018-11-07,0.0
TOTM,2018-11-07,0.0
WHWI,2018-11-07,0.0
WINR,2018-11-07,3.0
WIWR,2018-11-07,3.0
CVTP,2018-11-08,0.0
CVWF,2018-11-08,0.0
MTSR,2018-11-08,0.0
N,2018-11-08,3.0
P,2018-11-08,0.0
R,2018-11-08,0.0
RIMM,2018-11-08,1.0
T,2018-11-08,0.0
TOPI,2018-11-08,0.0
TOTM,2018-11-08,0.0
WHWI,2018-11-08,0.0
WINR,2018-11-08,4.0
WIWR,2018-11-08,9.0
CVTP,2018-11-09,0.0
CVWF,2018-11-09,0.0
MTSR,2018-11-09,0.0
N,2018-11-09,5.0
P,2018-11-09,0.0
R,2018-11-09,0.0
RIMM,2018-11-09,0.0
T,2018-11-09,0.0
TOPI,2018-11-09,0.0
TOTM,2018-11-09,0.0
WHWI,2018-11-09,0.0
WINR,2018-11-09,1.0
WIWR,2018-11-09,3.0
CVTP,2018-11-10,0.0
CVWF,2018-11-10,0.0
MTSR,2018-11-10,0.0
N,2018-11-10,2.0
P,2018-11-10,0.0
R,2018-11-10,0.0
RIMM,2018-11-10,23.0
T,2018-11-10,0.0
TOPI,2018-11-10,0.0
TOTM,2018-11-10,0.0
WHWI,2018-11-10,0.0
WINR,2018-11-10,4.0
WIWR,2018-11-10,0.0
CVTP,2018-11-11,0.0
CVWF,2018-11-11,0.0
MTSR,2018-11-11,0.0
N,2018-11-11,12.0
P,2018-11-11,0.0
R,2018-11-11,0.0
RIMM,2018-11-11,34.0
T,2018-11-11,0.0
TOPI,2018-11-11,0.0
TOTM,2018-11-11,0.0
WHWI,2018-11-11,0.0
WINR,2018-11-11,4.0
WIWR,2018-11-11,0.0
CVTP,2018-11-12,0.0
CVWF,2018-11-12,0.0
MTSR,2018-11-12,0.0
N,2018-11-12,2.0
P,2018-11-12,0.0
R,2018-11-12,0.0
RIMM,2018-11-12,10.0
T,2018-11-12,0.0
TOPI,2018-11-12,0.0
TOTM,2018-11-12,0.0
WHWI,2018-11-12,0.0
WINR,2018-11-12,1.0
WIWR,2018-11-12,7.0
CVTP,2018-11-13,0.0
CVWF,2018-11-13,0.0
MTSR,2018-11-13,0.0
N,2018-11-13,9.0
P,2018-11-13,0.0
R,2018-11-13,0.0
RIMM,2018-11-13,27.0
T,2018-11-13,0.0
TOPI,2018-11-13,0.0
TOTM,2018-11-13,0.0
WHWI,2018-11-13,0.0
WINR,2018-11-13,4.0
WIWR,2018-11-13,2.0
CVTP,2018-11-14,0.0
CVWF,2018-11-14,0.0
MTSR,2018-11-14,0.0
N,2018-11-14,1.0
P,2018-11-14,0.0
R,2018-11-14,0.0
RIMM,2018-11-14,34.0
T,2018-11-14,0.0
TOPI,2018-11-14,0.0
TOTM,2018-11-14,0.0
WHWI,2018-11-14,0.0
WINR,2018-11-14,0.0
WIWR,2018-11-14,0.0
CVTP,2018-11-15,0.0
CVWF,2018-11-15,2.0
MTSR,2018-11-15,0.0
N,2018-11-15,5.0
P,2018-11-15,0.0
R,2018-11-15,0.0
RIMM,2018-11-15,24.0
T,2018-11-15,0.0
TOPI,2018-11-15,0.0
TOTM,2018-11-15,0.0
WHWI,2018-11-15,0.0
WINR,2018-11-15,3.0
WIWR,2018-11-15,0.0
CVTP,2018-11-16,0.0
CVWF,2018-11-16,0.0
MTSR,2018-11-16,0.0
N,2018-11-16,5.0
P,2018-11-16,0.0
R,2018-11-16,0.0
RIMM,2018-11-16,0.0
T,2018-11-16,0.0
TOPI,2018-11-16,0.0
TOTM,2018-11-16,0.0
WHWI,2018-11-16,0.0
WINR,2018-11-16,1.0
WIWR,2018-11-16,0.0
CVTP,2018-11-17,0.0
CVWF,2018-11-17,0.0
MTSR,2018-11-17,0.0
N,2018-11-17,7.0
P,2018-11-17,0.0
R,2018-11-17,0.0
RIMM,2018-11-17,0.0
T,2018-11-17,0.0
TOPI,2018-11-17,0.0
TOTM,2018-11-17,0.0
WHWI,2018-11-17,0.0
WINR,2018-11-17,3.0
WIWR,2018-11-17,0.0
CVTP,2018-11-18,0.0
CVWF,2018-11-18,0.0
MTSR,2018-11-18,0.0
N,2018-11-18,7.0
P,2018-11-18,0.0
R,2018-11-18,0.0
RIMM,2018-11-18,2.0
T,2018-11-18,0.0
TOPI,2018-11-18,0.0
TOTM,2018-11-18,0.0
WHWI,2018-11-18,0.0
WINR,2018-11-18,0.0
WIWR,2018-11-18,0.0
CVTP,2018-11-19,0.0
CVWF,2018-11-19,0.0
MTSR,2018-11-19,0.0
N,2018-11-19,5.0
P,2018-11-19,0.0
R,2018-11-19,0.0
RIMM,2018-11-19,21.0
T,2018-11-19,0.0
TOPI,2018-11-19,0.0
TOTM,2018-11-19,0.0
WHWI,2018-11-19,0.0
WINR,2018-11-19,1.0
WIWR,2018-11-19,0.0
CVTP,2018-11-20,0.0
CVWF,2018-11-20,0.0
MTSR,2018-11-20,0.0
N,2018-11-20,6.0
P,2018-11-20,0.0
R,2018-11-20,0.0
RIMM,2018-11-20,1.0
T,2018-11-20,0.0
TOPI,2018-11-20,0.0
TOTM,2018-11-20,0.0
WHWI,2018-11-20,0.0
WINR,2018-11-20,5.0
WIWR,2018-11-20,6.0
CVTP,2018-11-21,0.0
CVWF,2018-11-21,0.0
MTSR,2018-11-21,0.0
N,2018-11-21,11.0
P,2018-11-21,0.0
R,2018-11-21,0.0
RIMM,2018-11-21,0.0
T,2018-11-21,0.0
TOPI,2018-11-21,0.0
TOTM,2018-11-21,0.0
WHWI,2018-11-21,0.0
WINR,2018-11-21,4.0
WIWR,2018-11-21,4.0
CVTP,2018-11-22,0.0
CVWF,2018-11-22,0.0
MTSR,2018-11-22,0.0
N,2018-11-22,1.0
P,2018-11-22,0.0
R,2018-11-22,0.0
RIMM,2018-11-22,5.0
T,2018-11-22,0.0
TOPI,2018-11-22,0.0
TOTM,2018-11-22,0.0
WHWI,2018-11-22,0.0
WINR,2018-11-22,4.0
WIWR,2018-11-22,5.0
CVTP,2018-11-23,0.0
CVWF,2018-11-23,5.0
MTSR,2018-11-23,0.0
N,2018-11-23,6.0
P,2018-11-23,0.0
R,2018-11-23,0.0
RIMM,2018-11-23,0.0
T,2018-11-23,0.0
TOPI,2018-11-23,0.0
TOTM,2018-11-23,0.0
WHWI,2018-11-23,0.0
WINR,2018-11-23,2.0
WIWR,2018-11-23,3.0
CVTP,2018-11-24,0.0
CVWF,2018-11-24,1.0
MTSR,2018-11-24,0.0
N,2018-11-24,2.0
P,2018-11-24,0.0
R,2018-11-24,0.0
RIMM,2018-11-24,0.0
T,2018-11-24,0.0
TOPI,2018-11-24,0.0
TOTM,2018-11-24,0.0
WHWI,2018-11-24,0.0
WINR,2018-11-24,2.0
WIWR,2018-11-24,20.0
CVTP,2018-11-25,0.0
CVWF,2018-11-25,1.0
MTSR,2018-11-25,0.0
N,2018-11-25,4.0
P,2018-11-25,0.0
R,2018-11-25,0.0
RIMM,2018-11-25,10.0
T,2018-11-25,0.0
TOPI,2018-11-25,0.0
TOTM,2018-11-25,0.0
WHWI,2018-11-25,0.0
WINR,2018-11-25,3.0
WIWR,2018-11-25,16.0
CVTP,2018-11-26,0.0
CVWF,2018-11-26,3.0
MTSR,2018-11-26,0.0
N,2018-11-26,6.0
P,2018-11-26,0.0
R,2018-11-26,0.0
RIMM,2018-11-26,2.0
T,2018-11-26,0.0
TOPI,2018-11-26,0.0
TOTM,2018-11-26,0.0
WHWI,2018-11-26,0.0
WINR,2018-11-26,2.0
WIWR,2018-11-26,0.0
CVTP,2018-11-27,1.0
CVWF,2018-11-27,0.0
MTSR,2018-11-27,0.0
N,2018-11-27,2.0
P,2018-11-27,1.0
R,2018-11-27,0.0
RIMM,2018-11-27,3.0
T,2018-11-27,0.0
TOPI,2018-11-27,1.0
TOTM,2018-11-27,0.0
WHWI,2018-11-27,0.0
WINR,2018-11-27,2.0
WIWR,2018-11-27,8.0
CVTP,2018-11-28,0.0
CVWF,2018-11-28,0.0
MTSR,2018-11-28,0.0
N,2018-11-28,7.0
P,2018-11-28,0.0
R,2018-11-28,0.0
RIMM,2018-11-28,7.0
T,2018-11-28,0.0
TOPI,2018-11-28,0.0
TOTM,2018-11-28,0.0
WHWI,2018-11-28,0.0
WINR,2018-11-28,3.0
WIWR,2018-11-28,0.0
CVTP,2018-11-29,0.0
CVWF,2018-11-29,4.0
MTSR,2018-11-29,0.0
N,2018-11-29,7.0
P,2018-11-29,0.0
R,2018-11-29,0.0
RIMM,2018-11-29,1.0
T,2018-11-29,0.0
TOPI,2018-11-29,0.0
TOTM,2018-11-29,0.0
WHWI,2018-11-29,0.0
WINR,2018-11-29,3.0
WIWR,2018-11-29,0.0
CVTP,2018-11-30,0.0
CVWF,2018-11-30,0.0
MTSR,2018-11-30,0.0
N,2018-11-30,6.0
P,2018-11-30,0.0
R,2018-11-30,0.0
RIMM,2018-11-30,0.0
T,2018-11-30,0.0
TOPI,2018-11-30,0.0
TOTM,2018-11-30,0.0
WHWI,2018-11-30,0.0
WINR,2018-11-30,3.0
WIWR,2018-11-30,0.0
CVTP,2018-12-01,0.0
CVWF,2018-12-01,1.0
MTSR,2018-12-01,0.0
N,2018-12-01,5.0
P,2018-12-01,0.0
R,2018-12-01,0.0
RIMM,2018-12-01,1.0
T,2018-12-01,0.0
TOPI,2018-12-01,0.0
TOTM,2018-12-01,0.0
WHWI,2018-12-01,0.0
WINR,2018-12-01,3.0
WIWR,2018-12-01,11.0
CVTP,2018-12-02,0.0
CVWF,2018-12-02,1.0
MTSR,2018-12-02,0.0
N,2018-12-02,7.0
P,2018-12-02,0.0
R,2018-12-02,0.0
RIMM,2018-12-02,0.0
T,2018-12-02,0.0
TOPI,2018-12-02,0.0
TOTM,2018-12-02,0.0
WHWI,2018-12-02,0.0
WINR,2018-12-02,3.0
WIWR,2018-12-02,1.0
CVTP,2018-12-03,0.0
CVWF,2018-12-03,1.0
MTSR,2018-12-03,0.0
N,2018-12-03,0.0
P,2018-12-03,0.0
R,2018-12-03,0.0
RIMM,2018-12-03,0.0
T,2018-12-03,0.0
TOPI,2018-12-03,0.0
TOTM,2018-12-03,0.0
WHWI,2018-12-03,0.0
WINR,2018-12-03,2.0
WIWR,2018-12-03,11.0
CVTP,2018-12-04,0.0
CVWF,2018-12-04,0.0
MTSR,2018-12-04,0.0
N,2018-12-04,15.0
P,2018-12-04,0.0
R,2018-12-04,0.0
RIMM,2018-12-04,0.0
T,2018-12-04,0.0
TOPI,2018-12-04,0.0
TOTM,2018-12-04,0.0
WHWI,2018-12-04,0.0
WINR,2018-12-04,2.0
WIWR,2018-12-04,0.0
CVTP,2018-12-05,0.0
CVWF,2018-12-05,0.0
MTSR,2018-12-05,0.0
N,2018-12-05,5.0
P,2018-12-05,0.0
R,2018-12-05,0.0
RIMM,2018-12-05,0.0
T,2018-12-05,0.0
TOPI,2018-12-05,0.0
TOTM,2018-12-05,0.0
WHWI,2018-12-05,0.0
WINR,2018-12-05,2.0
WIWR,2018-12-05,0.0
CVTP,2018-12-06,0.0
CVWF,2018-12-06,0.0
MTSR,2018-12-06,0.0
N,2018-12-06,4.0
P,2018-12-06,0.0
R,2018-12-06,0.0
RIMM,2018-12-06,0.0
T,2018-12-06,0.0
TOPI,2018-12-06,0.0
TOTM,2018-12-06,0.0
WHWI,2018-12-06,0.0
WINR,2018-12-06,3.0
WIWR,2018-12-06,0.0
CVTP,2018-12-07,0.0
CVWF,2018-12-07,0.0
MTSR,2018-12-07,0.0
N,2018-12-07,1.0
P,2018-12-07,0.0
R,2018-12-07,0.0
RIMM,2018-12-07,0.0
T,2018-12-07,0.0
TOPI,2018-12-07,0.0
TOTM,2018-12-07,0.0
WHWI,2018-12-07,0.0
WINR,2018-12-07,1.0
WIWR,2018-12-07,0.0
CVTP,2018-12-08,1.0
CVWF,2018-12-08,3.0
MTSR,2018-12-08,1.0
N,2018-12-08,7.0
P,2018-12-08,1.0
R,2018-12-08,1.0
RIMM,2018-12-08,0.0
T,2018-12-08,1.0
TOPI,2018-12-08,1.0
TOTM,2018-12-08,1.0
WHWI,2018-12-08,0.0
WINR,2018-12-08,1.0
WIWR,2018-12-08,0.0
CVTP,2018-12-09,0.0
CVWF,2018-12-09,3.0
MTSR,2018-12-09,0.0
N,2018-12-09,3.0
P,2018-12-09,0.0
R,2018-12-09,0.0
RIMM,2018-12-09,0.0
T,2018-12-09,0.0
TOPI,2018-12-09,0.0
TOTM,2018-12-09,0.0
WHWI,2018-12-09,0.0
WINR,2018-12-09,2.0
WIWR,2018-12-09,0.0
CVTP,2018-12-10,0.0
CVWF,2018-12-10,3.0
MTSR,2018-12-10,0.0
N,2018-12-10,4.0
P,2018-12-10,0.0
R,2018-12-10,0.0
RIMM,2018-12-10,0.0
T,2018-12-10,0.0
TOPI,2018-12-10,0.0
TOTM,2018-12-10,0.0
WHWI,2018-12-10,0.0
WINR,2018-12-10,0.0
WIWR,2018-12-10,4.0
CVTP,2018-12-11,0.0
CVWF,2018-12-11,2.0
MTSR,2018-12-11,0.0
N,2018-12-11,7.0
P,2018-12-11,0.0
R,2018-12-11,0.0
RIMM,2018-12-11,0.0
T,2018-12-11,0.0
TOPI,2018-12-11,0.0
TOTM,2018-12-11,0.0
WHWI,2018-12-11,0.0
WINR,2018-12-11,1.0
WIWR,2018-12-11,0.0
CVTP,2018-12-12,4.0
CVWF,2018-12-12,5.0
MTSR,2018-12-12,2.0
N,2018-12-12,1.0
P,2018-12-12,2.0
R,2018-12-12,0.0
RIMM,2018-12-12,2.0
T,2018-12-12,0.0
TOPI,2018-12-12,0.0
TOTM,2018-12-12,0.0
WHWI,2018-12-12,0.0
WINR,2018-12-12,3.0
WIWR,2018-12-12,2.0
CVTP,2018-12-13,0.0
CVWF,2018-12-13,3.0
MTSR,2018-12-13,0.0
N,2018-12-13,7.0
P,2018-12-13,0.0
R,2018-12-13,0.0
RIMM,2018-12-13,0.0
T,2018-12-13,0.0
TOPI,2018-12-13,0.0
TOTM,2018-12-13,1.0
WHWI,2018-12-13,0.0
WINR,2018-12-13,1.0
WIWR,2018-12-13,0.0
CVTP,2018-12-14,1.0
CVWF,2018-12-14,4.0
MTSR,2018-12-14,1.0
N,2018-12-14,4.0
P,2018-12-14,1.0
R,2018-12-14,1.0
RIMM,2018-12-14,0.0
T,2018-12-14,0.0
TOPI,2018-12-14,1.0
TOTM,2018-12-14,1.0
WHWI,2018-12-14,0.0
WINR,2018-12-14,3.0
WIWR,2018-12-14,1.0
CVTP,2018-12-15,1.0
CVWF,2018-12-15,46.0
MTSR,2018-12-15,0.0
N,2018-12-15,15.0
P,2018-12-15,0.0
R,2018-12-15,0.0
RIMM,2018-12-15,0.0
T,2018-12-15,0.0
TOPI,2018-12-15,0.0
TOTM,2018-12-15,0.0
WHWI,2018-12-15,0.0
WINR,2018-12-15,9.0
WIWR,2018-12-15,0.0
CVTP,2018-12-16,1.0
CVWF,2018-12-16,2.0
MTSR,2018-12-16,0.0
N,2018-12-16,2.0
P,2018-12-16,0.0
R,2018-12-16,0.0
RIMM,2018-12-16,4.0
T,2018-12-16,0.0
TOPI,2018-12-16,0.0
TOTM,2018-12-16,0.0
WHWI,2018-12-16,0.0
WINR,2018-12-16,2.0
WIWR,2018-12-16,0.0
CVTP,2018-12-17,6.0
CVWF,2018-12-17,3.0
MTSR,2018-12-17,0.0
N,2018-12-17,2.0
P,2018-12-17,0.0
R,2018-12-17,0.0
RIMM,2018-12-17,2.0
T,2018-12-17,0.0
TOPI,2018-12-17,0.0
TOTM,2018-12-17,0.0
WHWI,2018-12-17,0.0
WINR,2018-12-17,2.0
WIWR,2018-12-17,0.0
CVTP,2018-12-18,3.0
CVWF,2018-12-18,3.0
MTSR,2018-12-18,0.0
N,2018-12-18,11.0
P,2018-12-18,0.0
R,2018-12-18,0.0
RIMM,2018-12-18,0.0
T,2018-12-18,0.0
TOPI,2018-12-18,0.0
TOTM,2018-12-18,0.0
WHWI,2018-12-18,0.0
WINR,2018-12-18,1.0
WIWR,2018-12-18,0.0
CVTP,2018-12-19,0.0
CVWF,2018-12-19,9.0
MTSR,2018-12-19,0.0
N,2018-12-19,2.0
P,2018-12-19,0.0
R,2018-12-19,0.0
RIMM,2018-12-19,0.0
T,2018-12-19,0.0
TOPI,2018-12-19,0.0
TOTM,2018-12-19,0.0
WHWI,2018-12-19,0.0
WINR,2018-12-19,2.0
WIWR,2018-12-19,3.0
CVTP,2018-12-20,10.0
CVWF,2018-12-20,1.0
MTSR,2018-12-20,0.0
N,2018-12-20,5.0
P,2018-12-20,0.0
R,2018-12-20,0.0
RIMM,2018-12-20,0.0
T,2018-12-20,0.0
TOPI,2018-12-20,0.0
TOTM,2018-12-20,1.0
WHWI,2018-12-20,0.0
WINR,2018-12-20,0.0
WIWR,2018-12-20,0.0
CVTP,2018-12-21,4.0
CVWF,2018-12-21,1.0
MTSR,2018-12-21,0.0
N,2018-12-21,10.0
P,2018-12-21,0.0
R,2018-12-21,0.0
RIMM,2018-12-21,5.0
T,2018-12-21,0.0
TOPI,2018-12-21,0.0
TOTM,2018-12-21,0.0
WHWI,2018-12-21,0.0
WINR,2018-12-21,1.0
WIWR,2018-12-21,0.0
CVTP,2018-12-22,0.0
CVWF,2018-12-22,14.0
MTSR,2018-12-22,0.0
N,2018-12-22,2.0
P,2018-12-22,0.0
R,2018-12-22,0.0
RIMM,2018-12-22,0.0
T,2018-12-22,0.0
TOPI,2018-12-22,0.0
TOTM,2018-12-22,0.0
WHWI,2018-12-22,0.0
WINR,2018-12-22,5.0
WIWR,2018-12-22,0.0
CVTP,2018-12-23,3.0
CVWF,2018-12-23,1.0
MTSR,2018-12-23,0.0
N,2018-12-23,2.0
P,2018-12-23,0.0
R,2018-12-23,0.0
RIMM,2018-12-23,1.0
T,2018-12-23,0.0
TOPI,2018-12-23,0.0
TOTM,2018-12-23,0.0
WHWI,2018-12-23,0.0
WINR,2018-12-23,3.0
WIWR,2018-12-23,4.0
CVTP,2018-12-24,0.0
CVWF,2018-12-24,3.0
MTSR,2018-12-24,0.0
N,2018-12-24,22.0
P,2018-12-24,0.0
R,2018-12-24,4.0
RIMM,2018-12-24,0.0
T,2018-12-24,4.0
TOPI,2018-12-24,4.0
TOTM,2018-12-24,4.0
WHWI,2018-12-24,4.0
WINR,2018-12-24,2.0
WIWR,2018-12-24,2.0
CVTP,2018-12-25,1.0
CVWF,2018-12-25,2.0
MTSR,2018-12-25,0.0
N,2018-12-25,13.0
P,2018-12-25,0.0
R,2018-12-25,0.0
RIMM,2018-12-25,0.0
T,2018-12-25,0.0
TOPI,2018-12-25,0.0
TOTM,2018-12-25,0.0
WHWI,2018-12-25,0.0
WINR,2018-12-25,3.0
WIWR,2018-12-25,0.0
CVTP,2018-12-26,0.0
CVWF,2018-12-26,3.0
MTSR,2018-12-26,0.0
N,2018-12-26,1.0
P,2018-12-26,0.0
R,2018-12-26,0.0
RIMM,2018-12-26,1.0
T,2018-12-26,0.0
TOPI,2018-12-26,0.0
TOTM,2018-12-26,0.0
WHWI,2018-12-26,0.0
WINR,2018-12-26,2.0
WIWR,2018-12-26,0.0
CVTP,2018-12-27,0.0
CVWF,2018-12-27,1.0
MTSR,2018-12-27,0.0
N,2018-12-27,10.0
P,2018-12-27,0.0
R,2018-12-27,0.0
RIMM,2018-12-27,0.0
T,2018-12-27,0.0
TOPI,2018-12-27,0.0
TOTM,2018-12-27,0.0
WHWI,2018-12-27,0.0
WINR,2018-12-27,3.0
WIWR,2018-12-27,0.0
CVTP,2018-12-28,5.0
CVWF,2018-12-28,1.0
MTSR,2018-12-28,0.0
N,2018-12-28,8.0
P,2018-12-28,0.0
R,2018-12-28,0.0
RIMM,2018-12-28,0.0
T,2018-12-28,0.0
TOPI,2018-12-28,0.0
TOTM,2018-12-28,0.0
WHWI,2018-12-28,0.0
WINR,2018-12-28,1.0
WIWR,2018-12-28,0.0
CVTP,2018-12-29,0.0
CVWF,2018-12-29,1.0
MTSR,2018-12-29,0.0
N,2018-12-29,1.0
P,2018-12-29,0.0
R,2018-12-29,0.0
RIMM,2018-12-29,0.0
T,2018-12-29,0.0
TOPI,2018-12-29,0.0
TOTM,2018-12-29,0.0
WHWI,2018-12-29,0.0
WINR,2018-12-29,1.0
WIWR,2018-12-29,3.0
CVTP,2018-12-30,1.0
CVWF,2018-12-30,12.0
MTSR,2018-12-30,1.0
N,2018-12-30,4.0
P,2018-12-30,1.0
R,2018-12-30,0.0
RIMM,2018-12-30,0.0
T,2018-12-30,0.0
TOPI,2018-12-30,0.0
TOTM,2018-12-30,0.0
WHWI,2018-12-30,0.0
WINR,2018-12-30,4.0
WIWR,2018-12-30,1.0
CVTP,2018-12-31,22.0
CVWF,2018-12-31,55.0
MTSR,2018-12-31,0.0
N,2018-12-31,4.0
P,2018-12-31,0.0
R,2018-12-31,0.0
RIMM,2018-12-31,0.0
T,2018-12-31,0.0
TOPI,2018-12-31,1.0
TOTM,2018-12-31,0.0
WHWI,2018-12-31,0.0
WINR,2018-12-31,1.0
WIWR,2018-12-31,0.0
CVTP,2019-01-01,2.0
CVWF,2019-01-01,1.0
MTSR,2019-01-01,0.0
N,2019-01-01,13.0
P,2019-01-01,0.0
R,2019-01-01,0.0
RIMM,2019-01-01,0.0
T,2019-01-01,0.0
TOPI,2019-01-01,0.0
TOTM,2019-01-01,0.0
WHWI,2019-01-01,0.0
WINR,2019-01-01,2.0
WIWR,2019-01-01,0.0
CVTP,2019-01-02,0.0
CVWF,2019-01-02,6.0
MTSR,2019-01-02,0.0
N,2019-01-02,10.0
P,2019-01-02,0.0
R,2019-01-02,0.0
RIMM,2019-01-02,0.0
T,2019-01-02,0.0
TOPI,2019-01-02,0.0
TOTM,2019-01-02,0.0
WHWI,2019-01-02,0.0
WINR,2019-01-02,5.0
WIWR,2019-01-02,0.0
CVTP,2019-01-03,4.0
CVWF,2019-01-03,1.0
MTSR,2019-01-03,0.0
N,2019-01-03,4.0
P,2019-01-03,0.0
R,2019-01-03,0.0
RIMM,2019-01-03,0.0
T,2019-01-03,0.0
TOPI,2019-01-03,0.0
TOTM,2019-01-03,0.0
WHWI,2019-01-03,0.0
WINR,2019-01-03,2.0
WIWR,2019-01-03,0.0
CVTP,2019-01-04,0.0
CVWF,2019-01-04,1.0
MTSR,2019-01-04,0.0
N,2019-01-04,1.0
P,2019-01-04,0.0
R,2019-01-04,0.0
RIMM,2019-01-04,0.0
T,2019-01-04,0.0
TOPI,2019-01-04,0.0
TOTM,2019-01-04,0.0
WHWI,2019-01-04,0.0
WINR,2019-01-04,2.0
WIWR,2019-01-04,0.0
CVTP,2019-01-05,0.0
CVWF,2019-01-05,1.0
MTSR,2019-01-05,0.0
N,2019-01-05,3.0
P,2019-01-05,0.0
R,2019-01-05,0.0
RIMM,2019-01-05,0.0
T,2019-01-05,0.0
TOPI,2019-01-05,0.0
TOTM,2019-01-05,0.0
WHWI,2019-01-05,0.0
WINR,2019-01-05,1.0
WIWR,2019-01-05,0.0
CVTP,2019-01-06,3.0
CVWF,2019-01-06,1.0
MTSR,2019-01-06,0.0
N,2019-01-06,11.0
P,2019-01-06,0.0
R,2019-01-06,7.0
RIMM,2019-01-06,0.0
T,2019-01-06,5.0
TOPI,2019-01-06,10.0
TOTM,2019-01-06,12.0
WHWI,2019-01-06,0.0
WINR,2019-01-06,1.0
WIWR,2019-01-06,0.0
CVTP,2019-01-07,2.0
CVWF,2019-01-07,2.0
MTSR,2019-01-07,2.0
N,2019-01-07,76.0
P,2019-01-07,2.0
R,2019-01-07,76.0
RIMM,2019-01-07,2.0
T,2019-01-07,69.0
TOPI,2019-01-07,61.0
TOTM,2019-01-07,69.0
WHWI,2019-01-07,0.0
WINR,2019-01-07,3.0
WIWR,2019-01-07,2.0
CVTP,2019-01-08,0.0
CVWF,2019-01-08,0.0
MTSR,2019-01-08,0.0
N,2019-01-08,22.0
P,2019-01-08,0.0
R,2019-01-08,0.0
RIMM,2019-01-08,0.0
T,2019-01-08,0.0
TOPI,2019-01-08,0.0
TOTM,2019-01-08,0.0
WHWI,2019-01-08,0.0
WINR,2019-01-08,0.0
WIWR,2019-01-08,0.0
